trace,prefetcher,IPC,speedup,coverage,pythia_llc_load_coverage,pythia_llc_read_overprediction,prediction_accuracy_issued,on_time_issue_yield,fill_utilization,late_frac,accuracy_issued,accuracy_filled,L2_demand_misses,baseline_demand_misses,L2_MPKI_demand,L2_prefetch_requested,L2_prefetch_dropped,L2_prefetch_issued,L2_prefetch_filled,L2_prefetch_useful,L2_prefetch_useless,L2_prefetch_late
GemsFDTD,nopref,0.45228,,,,,,,,,,,1673797,,11.1586,0,0,0,0,0,0,0
GemsFDTD,bingo,0.56431,1.2477,0.4294,0.5867,0.3574,0.4668,0.4644,0.9291,0.00516,0.4644,0.9291,955047,1673797,6.367,2130885,0,2130885,1065146,989623,75390,5133
GemsFDTD,bingo_1MB,0.56294,1.2462,0.4294,0.5821,0.3666,0.4668,0.4644,0.9291,0.00515,0.4644,0.9291,954988,1673786,6.3666,2131044,0,2131044,1065215,989675,75407,5127
GemsFDTD,bingo_2ch,0.57534,1.253,0.4296,0.5871,0.3569,0.4669,0.4645,0.9292,0.00509,0.4645,0.9292,954709,1673777,6.3647,2131187,0,2131187,1065374,989966,75275,5068
GemsFDTD,bingo_4MB,0.56461,1.25,0.4295,0.5874,0.3514,0.4668,0.4644,0.9291,0.00511,0.4644,0.9291,954952,1673779,6.3663,2130958,0,2130958,1065222,989695,75394,5086
GemsFDTD,bingo__bingo_l2c_thresh_0p5,0.56453,1.2482,0.4903,0.5883,0.3808,0.5384,0.5349,0.8547,0.0065,0.5349,0.8547,853180,1673797,5.6879,2132610,0,2132610,1334637,1140704,193588,7467
GemsFDTD,bingo__bingo_l2c_thresh_0p65,0.56438,1.2479,0.4559,0.5875,0.3657,0.498,0.495,0.9092,0.00604,0.495,0.9092,910718,1673797,6.0715,2131849,0,2131849,1160735,1055337,105238,6414
GemsFDTD,bingo__bingo_l2c_thresh_0p95,0.56438,1.2479,0.3953,0.5866,0.3497,0.4264,0.4241,0.9351,0.0053,0.4241,0.9351,1012170,1673797,6.7478,2131826,0,2131826,966964,904210,62626,4819
GemsFDTD,bingo__bingo_pht_size_1024,0.55183,1.2201,0.4172,0.5414,0.329,0.5138,0.5111,0.9245,0.00537,0.5111,0.9245,975466,1673797,6.5031,1880638,0,1880638,1039630,961176,78317,5186
GemsFDTD,bingo__bingo_pht_size_2048,0.56446,1.248,0.4291,0.5865,0.3555,0.4677,0.4652,0.9287,0.00521,0.4652,0.9287,955569,1673797,6.3705,2117339,0,2117339,1060647,985053,75459,5160
GemsFDTD,bingo__bingo_pht_size_8192,0.56478,1.2487,0.4324,0.5882,0.3577,0.4668,0.4645,0.9289,0.0051,0.4645,0.9289,950126,1673797,6.3342,2141613,0,2141613,1070791,994708,75949,5102
GemsFDTD,ipcp,0.58895,1.3022,0.7486,0.7442,0.5477,0.0083,0.0077,0.0072,0.08263,0.0077,0.0072,420747,1673797,2.805,2675459,0,2675459,2846900,20472,2823217,1844
GemsFDTD,ipcp_1MB,0.58891,1.3037,0.7486,0.7434,0.5607,0.0083,0.0076,0.0072,0.08409,0.0076,0.0072,420740,1673786,2.8049,2675143,0,2675143,2846893,20412,2823271,1874
GemsFDTD,ipcp_2ch,0.60257,1.3123,0.7488,0.7443,0.5479,0.0083,0.0077,0.0073,0.07281,0.0077,0.0073,420393,1673777,2.8026,2677095,0,2677095,2847658,20655,2823791,1622
GemsFDTD,ipcp_4MB,0.58904,1.3041,0.7486,0.7448,0.5427,0.0083,0.0076,0.0072,0.08438,0.0076,0.0072,420839,1673779,2.8056,2675628,0,2675628,2846618,20412,2823000,1881
GemsFDTD,ipcp_L1only,0.59382,1.3129,0.7508,0.7418,0.2576,,,0.0076,0.0,,0.0076,417130,1673797,2.7809,0,0,0,2273168,17366,2252763,0
GemsFDTD,ipcp_L2only,0.45227,1.0,0.0,0.0001,0.0,0.25,0.1899,0.3527,0.24038,0.1899,0.3527,1673751,1673797,11.1583,416,0,416,224,79,132,25
GemsFDTD,spp_dev2,0.56141,1.2413,0.3148,0.6278,0.1494,0.1604,0.1587,0.9755,0.01054,0.1587,0.9755,1146861,1673797,7.6457,4667422,0,4667422,759257,740665,18204,7892
GemsFDTD,spp_dev2_1MB,0.55795,1.2352,0.3148,0.6184,0.1668,0.16,0.1583,0.9756,0.01047,0.1583,0.9756,1146834,1673786,7.6456,4678766,0,4678766,759129,740620,18100,7840
GemsFDTD,spp_dev2_2ch,0.56722,1.2353,0.3151,0.6287,0.1499,0.1608,0.1591,0.9751,0.01012,0.1591,0.9751,1146287,1673777,7.6419,4657901,0,4657901,760087,741192,18498,7578
GemsFDTD,spp_dev2_4MB,0.56206,1.2443,0.3153,0.6297,0.1467,0.1606,0.1589,0.9755,0.01067,0.1589,0.9755,1146069,1673779,7.6405,4667381,0,4667381,760164,741506,18283,7996
GemsFDTD,spp_dev2__pf20_fill100,0.57706,1.2759,0.0003,0.6999,0.2167,0.0,0.0,,,0.0,,1673245,1673797,11.155,2392712,0,2392712,0,0,0,0
GemsFDTD,spp_dev2__pf20_fill50,0.58945,1.3033,0.5823,0.7249,0.2454,0.3004,0.2959,0.8651,0.01495,0.2959,0.8651,699134,1673797,4.6609,4572696,0,4572696,1564181,1353242,210131,20534
GemsFDTD,spp_dev2__pf20_fill70,0.58749,1.299,0.5154,0.7218,0.2613,0.1912,0.189,0.9548,0.01165,0.189,0.9548,811133,1673797,5.4076,6264957,3,6264954,1239995,1183988,55410,13950
GemsFDTD,spp_dev2__pf20_fill90,0.58212,1.2871,0.3104,0.7152,0.2774,0.0941,0.0933,0.9768,0.00804,0.0933,0.9768,1154198,1673797,7.6947,7774001,956,7773045,742724,725503,16818,5879
GemsFDTD,spp_dev2__pf40_fill100,0.55625,1.2299,0.0003,0.6158,0.1412,0.0,0.0,,,0.0,,1673218,1673797,11.1548,1915841,0,1915841,0,0,0,0
GemsFDTD,spp_dev2__pf40_fill50,0.56627,1.252,0.5714,0.632,0.1474,0.5638,0.5534,0.8558,0.01847,0.5534,0.8558,717373,1673797,4.7825,2415154,0,2415154,1561771,1336564,224417,25150
GemsFDTD,spp_dev2__pf40_fill70,0.56519,1.2496,0.5084,0.6305,0.1476,0.3383,0.3335,0.9515,0.01414,0.3335,0.9515,822757,1673797,5.485,3535742,0,3535742,1239396,1179339,59457,16919
GemsFDTD,spp_dev2__pf40_fill90,0.56141,1.2413,0.3148,0.6278,0.1494,0.1604,0.1587,0.9755,0.01054,0.1587,0.9755,1146861,1673797,7.6457,4667422,0,4667422,759257,740665,18204,7892
GemsFDTD,spp_dev2__pf60_fill100,0.53907,1.1919,0.0004,0.5397,0.05,0.0,0.0,,,0.0,,1673211,1673797,11.1547,1495255,0,1495255,0,0,0,0
GemsFDTD,spp_dev2__pf60_fill70,0.54684,1.2091,0.5027,0.5466,0.0589,0.6405,0.6306,0.9432,0.01538,0.6306,0.9432,832430,1673797,5.5495,1855152,0,1855152,1240367,1169909,69863,18278
GemsFDTD,spp_dev2__pf60_fill90,0.54235,1.1991,0.3066,0.5401,0.0624,0.2731,0.2698,0.9706,0.01207,0.2698,0.9706,1160571,1673797,7.7371,2679377,0,2679377,744797,722871,21557,8833
GemsFDTD,spp_dev2__pf80_fill100,0.51972,1.1491,0.0003,0.4567,0.0231,0.0,0.0,,,0.0,,1673269,1673797,11.1551,1194934,0,1194934,0,0,0,0
GemsFDTD,spp_dev2__pf80_fill90,0.52586,1.1627,0.3032,0.4655,0.0241,0.5618,0.5542,0.9675,0.01338,0.5542,0.9675,1166257,1673797,7.775,1291888,0,1291888,740057,716024,23678,9712
GemsFDTD,spp_dev2__spp_dev2_fill_threshold_100,0.55625,1.2299,0.0003,0.6158,0.1412,0.0,0.0,,,0.0,,1673218,1673797,11.1548,1915841,0,1915841,0,0,0,0
GemsFDTD,spp_dev2__spp_dev2_fill_threshold_50,0.56627,1.252,0.5714,0.632,0.1474,0.5638,0.5534,0.8558,0.01847,0.5534,0.8558,717373,1673797,4.7825,2415154,0,2415154,1561771,1336564,224417,25150
GemsFDTD,spp_dev2__spp_dev2_fill_threshold_70,0.56519,1.2496,0.5084,0.6305,0.1476,0.3383,0.3335,0.9515,0.01414,0.3335,0.9515,822757,1673797,5.485,3535742,0,3535742,1239396,1179339,59457,16919
GemsFDTD,spp_dev2__spp_dev2_pf_threshold_20,0.58212,1.2871,0.3104,0.7152,0.2774,0.0941,0.0933,0.9768,0.00804,0.0933,0.9768,1154198,1673797,7.6947,7774001,956,7773045,742724,725503,16818,5879
GemsFDTD,spp_dev2__spp_dev2_pf_threshold_60,0.54235,1.1991,0.3066,0.5401,0.0624,0.2731,0.2698,0.9706,0.01207,0.2698,0.9706,1160571,1673797,7.7371,2679377,0,2679377,744797,722871,21557,8833
GemsFDTD,spp_dev2__spp_dev2_pf_threshold_80,0.52586,1.1627,0.3032,0.4655,0.0241,0.5618,0.5542,0.9675,0.01338,0.5542,0.9675,1166257,1673797,7.775,1291888,0,1291888,740057,716024,23678,9712
GemsFDTD,streamer,0.51386,1.1362,0.3796,0.394,0.838,0.1417,0.1416,0.3074,0.00104,0.1416,0.3074,1038403,1673797,6.9227,6421161,0,6421161,2957015,908940,2046288,949
GemsFDTD,streamer_1MB,0.50791,1.1244,0.3796,0.382,0.9008,0.1417,0.1416,0.3074,0.00106,0.1416,0.3074,1038414,1673786,6.9228,6421153,0,6421153,2957006,908930,2046289,960
GemsFDTD,streamer_2ch,0.52778,1.1494,0.3797,0.394,0.838,0.1417,0.1416,0.3074,0.00091,0.1416,0.3074,1038277,1673777,6.9218,6421165,0,6421165,2957145,909062,2046296,828
GemsFDTD,streamer_4MB,0.51513,1.1405,0.3796,0.3965,0.8223,0.1417,0.1416,0.3074,0.00106,0.1416,0.3074,1038413,1673779,6.9228,6421164,0,6421164,2956998,908926,2046285,961
GemsFDTD,streamer__streamer_pref_degree_1,0.51808,1.1455,0.3464,0.3575,0.2038,0.606,0.6012,0.6241,0.00787,0.6012,0.6241,1093935,1673797,7.2929,1358085,0,1358085,1308439,816532,491348,6475
GemsFDTD,streamer__streamer_pref_degree_16,0.48407,1.0703,0.3738,0.3748,2.2963,0.0532,0.0532,0.1458,0.00118,0.0532,0.1458,1048095,1673797,6.9873,17743621,800686,16942935,6178944,901039,5275264,1068
GemsFDTD,streamer__streamer_pref_degree_2,0.51776,1.1448,0.3667,0.3915,0.3695,0.3364,0.3295,0.4939,0.02053,0.3295,0.4939,1059998,1673797,7.0667,2678978,0,2678978,1787303,882710,903624,18502
GemsFDTD,streamer__streamer_pref_degree_4,0.51506,1.1388,0.3786,0.3948,0.6871,0.1746,0.174,0.3499,0.00327,0.174,0.3499,1040047,1673797,6.9336,5210551,0,5210551,2590944,906659,1682731,2974
GemsFDTD,stride,0.47394,1.0479,0.1569,0.1764,0.0869,0.2977,0.2977,0.6534,3e-05,0.2977,0.6534,1411108,1673797,9.4074,1249012,0,1249012,569132,371854,196956,13
GemsFDTD,stride_1MB,0.47334,1.0479,0.1569,0.1752,0.0879,0.2977,0.2977,0.6534,3e-05,0.2977,0.6534,1411091,1673786,9.4073,1249029,0,1249029,569121,371839,196960,12
GemsFDTD,stride_2ch,0.48085,1.0472,0.1569,0.1764,0.0869,0.2977,0.2977,0.6534,3e-05,0.2977,0.6534,1411107,1673777,9.4074,1249037,0,1249037,569126,371846,196958,13
GemsFDTD,stride_4MB,0.47354,1.0484,0.1569,0.1764,0.0868,0.2977,0.2977,0.6534,3e-05,0.2977,0.6534,1411094,1673779,9.4073,1248993,0,1248993,569113,371835,196956,12
GemsFDTD,stride_L1,0.47443,1.049,0.1567,0.1769,0.106,,,0.0077,0.0,,0.0077,1411587,1673797,9.4106,0,0,0,600821,4624,595377,0
GemsFDTD,stride__stride_pref_degree_1,0.45228,1.0,0.0,0.0,0.0,0.0,0.0,,,0.0,,1673797,1673797,11.1586,644827,0,644827,0,0,0,0
GemsFDTD,stride__stride_pref_degree_16,0.47289,1.0456,0.1948,0.2247,0.9242,0.0573,0.0573,0.184,3e-05,0.0573,0.184,1347760,1673797,8.9851,8585160,134022,8451138,2629977,483977,2143889,16
GemsFDTD,stride__stride_pref_degree_4,0.47557,1.0515,0.1703,0.1972,0.2299,0.1726,0.1726,0.4397,5e-05,0.1726,0.4397,1388810,1673797,9.2587,2419034,0,2419034,949570,417532,531217,19
GemsFDTD,stride__stride_pref_degree_8,0.47692,1.0545,0.1856,0.2163,0.4995,0.0994,0.0994,0.2836,3e-05,0.0994,0.2836,1363065,1673797,9.0871,4636126,0,4636126,1624018,460636,1161879,16
astar,nopref,0.53061,,,,,,,,,,,259956,,1.733,0,0,0,0,0,0,0
astar,bingo,0.53187,1.0024,0.0545,0.1483,5.1159,0.0315,0.0311,0.4324,0.0113,0.0311,0.4324,245789,259956,1.6386,1628581,0,1628581,117150,50653,66018,579
astar,bingo_1MB,0.52796,1.0117,0.0543,0.3612,3.3714,0.0315,0.031,0.4323,0.01316,0.031,0.4323,245834,259953,1.6389,1630811,0,1630811,117114,50627,65999,675
astar,bingo_2ch,0.53273,1.0036,0.0545,0.1483,5.1183,0.0314,0.0311,0.4324,0.01107,0.0311,0.4324,245782,259956,1.6385,1628814,0,1628814,117146,50658,66009,567
astar,bingo_4MB,0.53749,1.0015,0.0554,0.2944,4.557,0.0315,0.0313,0.4331,0.00784,0.0313,0.4331,245548,259955,1.637,1627786,0,1627786,117506,50895,66135,402
astar,bingo__bingo_l2c_thresh_0p5,0.5322,1.003,0.1162,0.1719,5.0003,0.0502,0.0496,0.3284,0.01113,0.0496,0.3284,229740,259956,1.5316,1669411,0,1669411,252217,82840,168122,932
astar,bingo__bingo_l2c_thresh_0p65,0.53202,1.0027,0.0777,0.1548,5.0778,0.0388,0.0384,0.3763,0.01106,0.0384,0.3763,239760,259956,1.5984,1647594,0,1647594,168187,63287,104163,708
astar,bingo__bingo_l2c_thresh_0p95,0.53176,1.0022,0.0201,0.1409,5.1622,0.0189,0.0188,0.4745,0.00783,0.0188,0.4745,254733,259956,1.6982,1618578,0,1618578,64083,30407,33440,240
astar,bingo__bingo_pht_size_1024,0.53139,1.0015,0.0532,0.128,4.3012,0.0314,0.031,0.4036,0.01234,0.031,0.4036,246130,259956,1.6409,1513614,0,1513614,116209,46902,68811,586
astar,bingo__bingo_pht_size_2048,0.53164,1.0019,0.0564,0.1354,5.3774,0.03,0.0297,0.4453,0.01164,0.0297,0.4453,245286,259956,1.6352,1689328,0,1689328,112528,50111,61954,590
astar,bingo__bingo_pht_size_8192,0.53194,1.0025,0.0576,0.1728,5.5321,0.0291,0.0288,0.4533,0.01141,0.0288,0.4533,244977,259956,1.6332,1795822,0,1795822,114055,51705,61900,597
astar,ipcp,0.5337,1.0058,0.23,0.2908,2.0911,0.0359,0.0358,0.0786,0.00265,0.0358,0.0786,200167,259956,1.3344,1219012,0,1219012,555148,43643,509358,116
astar,ipcp_1MB,0.5297,1.015,0.2299,0.425,1.4808,0.0359,0.0358,0.0786,0.00332,0.0358,0.0786,200177,259953,1.3345,1218573,0,1218573,554996,43595,509254,145
astar,ipcp_2ch,0.53404,1.0061,0.23,0.2907,2.0909,0.0359,0.0358,0.0786,0.00256,0.0358,0.0786,200161,259956,1.3344,1219005,0,1219005,555161,43647,509367,112
astar,ipcp_4MB,0.53814,1.0027,0.2302,0.3354,1.753,0.0359,0.0358,0.0787,0.00117,0.0358,0.0787,200119,259955,1.3341,1219742,0,1219742,555463,43703,509613,51
astar,ipcp_L1only,0.53426,1.0069,0.2556,0.3358,1.2517,,,0.1102,0.0,,0.1102,193511,259956,1.2901,0,0,0,360009,39688,318572,0
astar,ipcp_L2only,0.53061,1.0,0.0,-0.0001,0.0001,0.3,0.3,0.5,0.0,0.3,0.5,259956,259956,1.733,30,0,30,18,9,9,0
astar,spp_dev2,0.53264,1.0038,0.0715,0.1872,0.2743,0.1038,0.1038,0.9114,0.00066,0.1038,0.9114,241379,259956,1.6092,409489,0,409489,46620,42490,4088,28
astar,spp_dev2_1MB,0.52606,1.008,0.0713,0.2099,0.2386,0.1039,0.1038,0.907,0.00059,0.1038,0.907,241425,259953,1.6095,409490,0,409490,46873,42516,4322,25
astar,spp_dev2_2ch,0.53282,1.0038,0.0725,0.1876,0.27,0.1045,0.1044,0.9109,0.0004,0.1044,0.9109,241111,259956,1.6074,409616,0,409616,46964,42779,4158,17
astar,spp_dev2_4MB,0.53779,1.002,0.0722,0.2566,0.2865,0.1037,0.1037,0.9108,0.00035,0.1037,0.9108,241187,259955,1.6079,411851,0,411851,46880,42699,4144,15
astar,spp_dev2__pf20_fill100,0.5334,1.0053,-0.0006,0.2732,0.8861,0.0,0.0,,,0.0,,260115,259956,1.7341,528451,0,528451,0,0,0,0
astar,spp_dev2__pf20_fill50,0.5335,1.0054,0.1578,0.2559,1.038,0.1309,0.1306,0.8087,0.0021,0.1306,0.8087,218945,259956,1.4596,641228,0,641228,103555,83747,19625,176
astar,spp_dev2__pf20_fill70,0.53334,1.0051,0.1386,0.2418,1.0901,0.092,0.0919,0.8797,0.00086,0.0919,0.8797,223937,259956,1.4929,805467,0,805467,84172,74046,10022,64
astar,spp_dev2__pf20_fill90,0.53301,1.0045,0.071,0.2195,1.2203,0.0431,0.043,0.9092,0.00038,0.043,0.9092,241495,259956,1.61,982571,0,982571,46516,42292,4190,16
astar,spp_dev2__pf40_fill100,0.53255,1.0037,0.0,0.1993,0.156,0.0,0.0,,,0.0,,259954,259956,1.733,227602,0,227602,0,0,0,0
astar,spp_dev2__pf40_fill50,0.53288,1.0043,0.1563,0.2026,0.1847,0.3543,0.3534,0.8018,0.00239,0.3534,0.8018,219327,259956,1.4622,234911,0,234911,103548,83028,20350,199
astar,spp_dev2__pf40_fill70,0.53282,1.0042,0.1372,0.1992,0.2042,0.2268,0.2264,0.8805,0.00157,0.2264,0.8805,224293,259956,1.4953,323494,0,323494,83187,73242,9854,115
astar,spp_dev2__pf40_fill90,0.53264,1.0038,0.0715,0.1872,0.2743,0.1038,0.1038,0.9114,0.00066,0.1038,0.9114,241379,259956,1.6092,409489,0,409489,46620,42490,4088,28
astar,spp_dev2__pf60_fill100,0.53204,1.0027,-0.0,0.1472,0.0685,0.0,0.0,,,0.0,,259957,259956,1.733,177406,0,177406,0,0,0,0
astar,spp_dev2__pf60_fill70,0.53241,1.0034,0.1374,0.1568,0.0876,0.4159,0.4152,0.8804,0.00161,0.4152,0.8804,224250,259956,1.495,177248,0,177248,83593,73596,9906,119
astar,spp_dev2__pf60_fill90,0.53218,1.003,0.0734,0.1449,0.1003,0.1951,0.1951,0.9111,0.00046,0.1951,0.9111,240875,259956,1.6058,220607,0,220607,47228,43031,4165,20
astar,spp_dev2__pf80_fill100,0.53164,1.0019,-0.0,0.1002,0.024,0.0,0.0,,,0.0,,259964,259956,1.7331,117431,0,117431,0,0,0,0
astar,spp_dev2__pf80_fill90,0.53184,1.0023,0.0751,0.1077,0.0319,0.4377,0.4374,0.9129,0.0006,0.4374,0.9129,240428,259956,1.6029,99827,0,99827,47831,43666,4136,26
astar,spp_dev2__spp_dev2_fill_threshold_100,0.53255,1.0037,0.0,0.1993,0.156,0.0,0.0,,,0.0,,259954,259956,1.733,227602,0,227602,0,0,0,0
astar,spp_dev2__spp_dev2_fill_threshold_50,0.53288,1.0043,0.1563,0.2026,0.1847,0.3543,0.3534,0.8018,0.00239,0.3534,0.8018,219327,259956,1.4622,234911,0,234911,103548,83028,20350,199
astar,spp_dev2__spp_dev2_fill_threshold_70,0.53282,1.0042,0.1372,0.1992,0.2042,0.2268,0.2264,0.8805,0.00157,0.2264,0.8805,224293,259956,1.4953,323494,0,323494,83187,73242,9854,115
astar,spp_dev2__spp_dev2_pf_threshold_20,0.53301,1.0045,0.071,0.2195,1.2203,0.0431,0.043,0.9092,0.00038,0.043,0.9092,241495,259956,1.61,982571,0,982571,46516,42292,4190,16
astar,spp_dev2__spp_dev2_pf_threshold_60,0.53218,1.003,0.0734,0.1449,0.1003,0.1951,0.1951,0.9111,0.00046,0.1951,0.9111,240875,259956,1.6058,220607,0,220607,47228,43031,4165,20
astar,spp_dev2__spp_dev2_pf_threshold_80,0.53184,1.0023,0.0751,0.1077,0.0319,0.4377,0.4374,0.9129,0.0006,0.4374,0.9129,240428,259956,1.6029,99827,0,99827,47831,43666,4136,26
astar,streamer,0.53263,1.0038,0.1583,0.1612,0.3111,0.1596,0.1595,0.6218,0.00048,0.1595,0.6218,218801,259956,1.4587,501107,0,501107,128537,79929,48149,38
astar,streamer_1MB,0.52693,1.0097,0.1582,0.2487,0.2233,0.1596,0.1594,0.6217,0.00086,0.1594,0.6217,218827,259953,1.4588,501109,0,501109,128508,79898,48151,69
astar,streamer_2ch,0.53285,1.0039,0.1583,0.1611,0.311,0.1596,0.1595,0.6218,0.00046,0.1595,0.6218,218800,259956,1.4587,501107,0,501107,128538,79930,48149,37
astar,streamer_4MB,0.53763,1.0018,0.1584,0.1727,0.3143,0.1596,0.1595,0.6219,0.00029,0.1595,0.6219,218783,259955,1.4586,501121,0,501121,128554,79944,48151,23
astar,streamer__streamer_pref_degree_1,0.53261,1.0038,0.1577,0.1613,0.0524,0.7545,0.7541,0.8925,0.00054,0.7541,0.8925,218948,259956,1.4597,104002,0,104002,87875,78429,9354,42
astar,streamer__streamer_pref_degree_16,0.53193,1.0025,0.1544,0.0986,0.9659,0.0559,0.0559,0.3726,0.00038,0.0559,0.3726,219819,259956,1.4655,1447735,2,1447733,217310,80962,135264,31
astar,streamer__streamer_pref_degree_2,0.53265,1.0038,0.1583,0.1674,0.1152,0.3833,0.3831,0.8014,0.00049,0.3831,0.8014,218801,259956,1.4587,206150,0,206150,98554,78979,19379,39
astar,streamer__streamer_pref_degree_4,0.53266,1.0039,0.1586,0.1666,0.2446,0.197,0.1969,0.6701,0.00046,0.1969,0.6701,218731,259956,1.4582,404731,0,404731,118921,79687,38861,37
astar,stride,0.53212,1.0028,0.1443,0.1139,0.0168,0.3593,0.3593,0.9472,1e-05,0.3593,0.9472,222454,259956,1.483,207622,0,207622,78756,74596,4130,1
astar,stride_1MB,0.52619,1.0083,0.1443,0.2135,0.0183,0.3593,0.3593,0.9472,3e-05,0.3593,0.9472,222453,259953,1.483,207617,0,207617,78755,74595,4130,2
astar,stride_2ch,0.53233,1.0029,0.1443,0.1139,0.0168,0.3593,0.3593,0.9472,1e-05,0.3593,0.9472,222454,259956,1.483,207622,0,207622,78756,74596,4130,1
astar,stride_4MB,0.53709,1.0007,0.1443,0.0189,0.0059,0.3593,0.3593,0.9472,0.0,0.3593,0.9472,222453,259955,1.483,207627,0,207627,78757,74597,4130,0
astar,stride_L1,0.53247,1.0035,0.1592,0.1218,0.0159,,,0.0915,0.0,,0.0915,218576,259956,1.4572,0,0,0,82742,7568,74463,0
astar,stride__stride_pref_degree_1,0.53061,1.0,0.0,0.0,0.0,0.0,0.0,,,0.0,,259956,259956,1.733,123491,0,123491,0,0,0,0
astar,stride__stride_pref_degree_16,0.53151,1.0017,0.1445,0.0464,0.2817,0.0613,0.0613,0.5723,0.0,0.0613,0.5723,222393,259956,1.4826,1232866,0,1232866,132057,75582,55981,0
astar,stride__stride_pref_degree_4,0.53207,1.0028,0.1447,0.1092,0.0474,0.203,0.203,0.8567,0.0,0.203,0.8567,222339,259956,1.4823,368936,0,368936,87422,74891,12425,0
astar,stride__stride_pref_degree_8,0.53186,1.0024,0.1451,0.0851,0.1316,0.1111,0.1111,0.7236,0.0,0.1111,0.7236,222246,259956,1.4816,676988,0,676988,103974,75233,28483,0
bwaves,nopref,0.60932,,,,,,,,,,,2753203,,18.3547,0,0,0,0,0,0,0
bwaves,bingo,0.97804,1.6051,0.8214,0.8592,0.0,0.9921,0.9784,0.9999,0.01386,0.9784,0.9999,491723,2753203,3.2782,3174220,0,3174220,3105928,3105547,252,43654
bwaves,bingo_1MB,0.97785,1.6064,0.8214,0.8591,0.0,0.9921,0.9784,0.9999,0.01384,0.9784,0.9999,491843,2753203,3.279,3174019,0,3174019,3105809,3105427,253,43567
bwaves,bingo_2ch,1.05659,1.6493,0.8289,0.8653,0.0,0.9924,0.9801,0.9999,0.01238,0.9801,0.9999,471036,2753204,3.1402,3189729,0,3189729,3126610,3126225,255,39199
bwaves,bingo_4MB,0.97852,1.6007,0.8215,0.8593,0.0,0.9921,0.9784,0.9999,0.01385,0.9784,0.9999,491465,2753203,3.2764,3174445,0,3174445,3106186,3105806,251,43627
bwaves,bingo__bingo_l2c_thresh_0p5,0.97804,1.6051,0.8214,0.8592,0.0,0.9921,0.9784,0.9999,0.01386,0.9784,0.9999,491723,2753203,3.2782,3174220,0,3174220,3105928,3105547,252,43654
bwaves,bingo__bingo_l2c_thresh_0p65,0.97804,1.6051,0.8214,0.8592,0.0,0.9921,0.9784,0.9999,0.01386,0.9784,0.9999,491723,2753203,3.2782,3174220,0,3174220,3105928,3105547,252,43654
bwaves,bingo__bingo_l2c_thresh_0p95,0.97784,1.6048,0.8213,0.8592,-0.0001,0.992,0.9782,0.9999,0.01386,0.9782,0.9999,492106,2753203,3.2807,3174254,0,3174254,3105545,3105164,252,43639
bwaves,bingo__bingo_pht_size_1024,0.97788,1.6049,0.8214,0.8592,0.0,0.992,0.9783,0.9999,0.01386,0.9783,0.9999,491826,2753203,3.2788,3174432,0,3174432,3105816,3105431,256,43652
bwaves,bingo__bingo_pht_size_2048,0.97804,1.6051,0.8214,0.8592,0.0,0.992,0.9783,0.9999,0.01386,0.9783,0.9999,491716,2753203,3.2781,3174569,0,3174569,3105953,3105565,258,43650
bwaves,bingo__bingo_pht_size_8192,0.97812,1.6053,0.8214,0.8592,0.0,0.992,0.9783,0.9999,0.01386,0.9783,0.9999,491661,2753203,3.2777,3174630,0,3174630,3106008,3105620,258,43654
bwaves,ipcp,1.24035,2.0356,0.9571,0.9846,0.0019,0.0096,0.0093,0.0422,0.03902,0.0093,0.0422,118042,2753203,0.7869,16068557,2510,16066047,3522514,148670,3370046,6037
bwaves,ipcp_1MB,1.23967,2.0365,0.9571,0.9846,0.0019,0.0096,0.0093,0.0422,0.03881,0.0093,0.0422,117998,2753203,0.7867,16066818,2513,16064305,3522559,148673,3370088,6003
bwaves,ipcp_2ch,1.24961,1.9507,0.9571,0.9846,0.0019,0.0096,0.0092,0.0422,0.0392,0.0092,0.0422,118048,2753204,0.787,16104703,2511,16102192,3522506,148679,3370028,6066
bwaves,ipcp_4MB,1.24041,2.0291,0.9571,0.9846,0.0018,0.0096,0.0092,0.0422,0.03897,0.0092,0.0422,118032,2753203,0.7869,16076921,2512,16074409,3522525,148676,3370051,6029
bwaves,ipcp_L1only,1.21845,1.9997,0.9552,0.9804,0.0009,,,0.0403,0.0,,0.0403,123392,2753203,0.8226,0,0,0,3513024,141585,3367642,0
bwaves,ipcp_L2only,0.60932,1.0,0.0,0.0,0.0,0.3797,0.2785,0.7857,0.26667,0.2785,0.7857,2753203,2753203,18.3547,79,0,79,28,22,6,8
bwaves,spp_dev2,1.11842,1.8355,0.3805,0.9619,0.0002,0.104,0.0879,0.9999,0.15424,0.0879,0.9999,1705639,2753203,11.3709,23077043,5335434,17741609,1560007,1559897,108,284483
bwaves,spp_dev2_1MB,1.11852,1.8375,0.3807,0.962,0.0003,0.104,0.088,0.9999,0.15443,0.088,0.9999,1705031,2753203,11.3669,23048001,5308070,17739931,1560609,1560489,117,284988
bwaves,spp_dev2_2ch,1.14298,1.7842,0.3806,0.9623,0.0002,0.104,0.0879,0.9999,0.15408,0.0879,0.9999,1705286,2753204,11.3686,23062647,5320544,17742103,1560378,1560258,117,284196
bwaves,spp_dev2_4MB,1.11848,1.8296,0.3806,0.9619,-0.0003,0.104,0.0879,0.9999,0.15424,0.0879,0.9999,1705307,2753203,11.3687,23060666,5318661,17742005,1560335,1560223,110,284534
bwaves,spp_dev2__pf20_fill100,0.83301,1.3671,0.0002,0.5315,0.0003,0.0,0.0,,,0.0,,2752733,2753203,18.3516,3997616,0,3997616,0,0,0,0
bwaves,spp_dev2__pf20_fill50,1.16781,1.9166,0.8914,0.9675,0.0002,0.2205,0.2194,0.9997,0.00523,0.2194,0.9997,298951,2753203,1.993,16082029,1024835,15057194,3304133,3303151,958,17382
bwaves,spp_dev2__pf20_fill70,1.11743,1.8339,0.7067,0.9607,0.0002,0.1527,0.1478,0.9998,0.0321,0.1478,0.9998,807639,2753203,5.3843,26518697,8289578,18229119,2695148,2694656,478,89362
bwaves,spp_dev2__pf20_fill90,1.08682,1.7837,0.3142,0.9499,0.0002,0.0761,0.0654,0.9999,0.14132,0.0654,0.9999,1888148,2753203,12.5877,38646159,18700791,19945368,1304084,1303967,116,214603
bwaves,spp_dev2__pf40_fill100,0.82716,1.3575,0.0002,0.5278,0.0003,0.0,0.0,,,0.0,,2752773,2753203,18.3518,3865977,0,3865977,0,0,0,0
bwaves,spp_dev2__pf40_fill50,1.17934,1.9355,0.9319,0.9731,-0.0,0.5185,0.513,0.9996,0.01056,0.513,0.9996,187613,2753203,1.2508,6697060,1319,6695741,3436084,3434798,1262,36644
bwaves,spp_dev2__pf40_fill70,1.17393,1.9266,0.8891,0.9709,0.0002,0.2501,0.2445,0.9998,0.02222,0.2445,0.9998,305382,2753203,2.0359,13658405,224141,13434264,3285345,3284841,489,74648
bwaves,spp_dev2__pf40_fill90,1.11842,1.8355,0.3805,0.9619,0.0002,0.104,0.0879,0.9999,0.15424,0.0879,0.9999,1705639,2753203,11.3709,23077043,5335434,17741609,1560007,1559897,108,284483
bwaves,spp_dev2__pf60_fill100,0.8254,1.3546,0.0001,0.5261,0.0003,0.0,0.0,,,0.0,,2752807,2753203,18.352,3779335,0,3779335,0,0,0,0
bwaves,spp_dev2__pf60_fill70,1.08158,1.7751,0.8604,0.9657,0.0001,0.5275,0.4967,0.9998,0.05832,0.4967,0.9998,384400,2753203,2.5627,6470624,28,6470596,3214680,3213956,712,199064
bwaves,spp_dev2__pf60_fill90,1.10065,1.8064,0.4605,0.9525,0.0001,0.1741,0.1441,0.9999,0.17217,0.1441,0.9999,1485357,2753203,9.9024,12910242,75736,12834506,1849542,1849425,115,384631
bwaves,spp_dev2__pf80_fill100,0.81399,1.3359,0.0001,0.512,0.0003,0.0,0.0,,,0.0,,2752881,2753203,18.3525,3566252,0,3566252,0,0,0,0
bwaves,spp_dev2__pf80_fill90,0.88762,1.4567,0.4163,0.8427,0.0002,0.4399,0.3233,0.9999,0.26507,0.3233,0.9999,1607066,2753203,10.7138,5372705,0,5372705,1737245,1737089,156,626523
bwaves,spp_dev2__spp_dev2_fill_threshold_100,0.82716,1.3575,0.0002,0.5278,0.0003,0.0,0.0,,,0.0,,2752773,2753203,18.3518,3865977,0,3865977,0,0,0,0
bwaves,spp_dev2__spp_dev2_fill_threshold_50,1.17934,1.9355,0.9319,0.9731,-0.0,0.5185,0.513,0.9996,0.01056,0.513,0.9996,187613,2753203,1.2508,6697060,1319,6695741,3436084,3434798,1262,36644
bwaves,spp_dev2__spp_dev2_fill_threshold_70,1.17393,1.9266,0.8891,0.9709,0.0002,0.2501,0.2445,0.9998,0.02222,0.2445,0.9998,305382,2753203,2.0359,13658405,224141,13434264,3285345,3284841,489,74648
bwaves,spp_dev2__spp_dev2_pf_threshold_20,1.08682,1.7837,0.3142,0.9499,0.0002,0.0761,0.0654,0.9999,0.14132,0.0654,0.9999,1888148,2753203,12.5877,38646159,18700791,19945368,1304084,1303967,116,214603
bwaves,spp_dev2__spp_dev2_pf_threshold_60,1.10065,1.8064,0.4605,0.9525,0.0001,0.1741,0.1441,0.9999,0.17217,0.1441,0.9999,1485357,2753203,9.9024,12910242,75736,12834506,1849542,1849425,115,384631
bwaves,spp_dev2__spp_dev2_pf_threshold_80,0.88762,1.4567,0.4163,0.8427,0.0002,0.4399,0.3233,0.9999,0.26507,0.3233,0.9999,1607066,2753203,10.7138,5372705,0,5372705,1737245,1737089,156,626523
bwaves,streamer,1.14743,1.8831,0.9195,0.9487,-0.0,0.2205,0.2196,0.9993,0.004,0.2196,0.9993,221725,2753203,1.4782,16680406,1309728,15370678,3378322,3375942,2342,13562
bwaves,streamer_1MB,1.14738,1.8849,0.9194,0.9487,-0.0,0.2205,0.2196,0.9993,0.00403,0.2196,0.9993,221848,2753203,1.479,16680356,1309843,15370513,3378195,3375819,2338,13651
bwaves,streamer_2ch,1.16932,1.8253,0.9195,0.9487,-0.0,0.2205,0.2196,0.9993,0.00402,0.2196,0.9993,221697,2753204,1.478,16680181,1309289,15370892,3378353,3375975,2340,13613
bwaves,streamer_4MB,1.14792,1.8778,0.9194,0.9487,-0.0,0.2205,0.2196,0.9993,0.00401,0.2196,0.9993,221785,2753203,1.4786,16680421,1309718,15370703,3378266,3375882,2346,13602
bwaves,streamer__streamer_pref_degree_1,0.83822,1.3757,0.4842,0.9256,-0.0,0.9605,0.6265,0.9998,0.34774,0.6265,0.9998,1420123,2753203,9.4675,3444536,0,3444536,2158464,2157958,504,1150458
bwaves,streamer__streamer_pref_degree_16,1.05005,1.7233,0.872,0.905,0.0,0.1728,0.1713,0.9981,0.00831,0.1713,0.9981,352291,2753203,2.3486,48594130,29750108,18844022,3234535,3228283,6141,27050
bwaves,streamer__streamer_pref_degree_2,0.9251,1.5182,0.7111,0.9464,-0.0,0.4946,0.4096,0.9996,0.1718,0.4096,0.9996,795338,2753203,5.3023,6833645,0,6833645,2800379,2799206,1165,580672
bwaves,streamer__streamer_pref_degree_4,1.15978,1.9034,0.9195,0.949,-0.0,0.2544,0.2533,0.9994,0.00421,0.2533,0.9994,221657,2753203,1.4777,13453755,124602,13329153,3378129,3376090,2011,14268
bwaves,stride,0.8427,1.383,0.4846,0.8976,-0.0,0.457,0.3048,1.0,0.33311,0.3048,1.0,1419002,2753203,9.46,7052075,0,7052075,2149438,2149437,0,1073625
bwaves,stride_1MB,0.84177,1.3829,0.4845,0.8975,-0.0,0.457,0.3047,1.0,0.33321,0.3047,1.0,1419375,2753203,9.4625,7052068,0,7052068,2149065,2149064,0,1073943
bwaves,stride_2ch,0.86333,1.3477,0.4848,0.8975,-0.0,0.457,0.3049,1.0,0.33291,0.3049,1.0,1418470,2753204,9.4565,7052328,0,7052328,2149970,2149969,0,1072943
bwaves,stride_4MB,0.84487,1.382,0.4856,0.8976,-0.0,0.4571,0.3052,1.0,0.3323,0.3052,1.0,1416321,2753203,9.4421,7052064,0,7052064,2152119,2152118,0,1071080
bwaves,stride_L1,0.80831,1.3266,0.8166,0.8382,-0.0,,,0.035,0.0,,0.035,505064,2753203,3.3671,0,0,0,3064460,107131,2954098,0
bwaves,stride__stride_pref_degree_1,0.60932,1.0,0.0,0.0,0.0,0.0,0.0,,,0.0,,2753203,2753203,18.3547,3551624,0,3551624,0,0,0,0
bwaves,stride__stride_pref_degree_16,1.02433,1.6811,0.8508,0.883,0.0,0.1648,0.1635,1.0,0.00817,0.1635,1.0,410795,2753203,2.7386,50419502,31198447,19221055,3142594,3142502,0,25889
bwaves,stride__stride_pref_degree_4,1.1636,1.9097,0.9167,0.9479,-0.0,0.2479,0.2465,1.0,0.00543,0.2465,1.0,229226,2753203,1.5282,13889475,228019,13661456,3368056,3368042,0,18396
bwaves,stride__stride_pref_degree_8,1.11741,1.8339,0.9001,0.932,-0.0,0.1844,0.1832,1.0,0.0064,0.1832,1.0,275042,2753203,1.8336,26918570,8815379,18103191,3316350,3316302,0,21367
gcc,nopref,1.37508,,,,,,,,,,,7458864,,49.7258,0,0,0,0,0,0,0
gcc,bingo,1.39108,1.0116,0.0003,0.6562,1.1808,0.0603,0.0571,0.2729,0.05362,0.0571,0.2729,7456598,7458864,49.7107,47619,0,47619,9959,2718,7240,154
gcc,bingo_1MB,1.38824,1.0121,0.0003,0.5943,1.2043,0.0602,0.057,0.2723,0.0537,0.057,0.2723,7456601,7458864,49.7107,47617,0,47617,9966,2714,7251,154
gcc,bingo_2ch,1.39295,1.0113,0.0003,0.6566,1.1807,0.0603,0.058,0.276,0.03831,0.058,0.276,7456555,7458864,49.7104,47624,0,47624,10002,2761,7240,110
gcc,bingo_4MB,1.39188,1.0113,0.0003,0.6643,1.1586,0.0603,0.0576,0.2746,0.04528,0.0576,0.2746,7456575,7458864,49.7105,47624,0,47624,9982,2741,7240,130
gcc,bingo__bingo_l2c_thresh_0p5,1.3915,1.0119,0.0005,0.6565,1.1795,0.1009,0.0972,0.2417,0.03681,0.0972,0.2417,7454902,7458864,49.6993,47637,0,47637,19160,4631,14528,177
gcc,bingo__bingo_l2c_thresh_0p65,1.39126,1.0118,0.0004,0.6566,1.1804,0.0767,0.0732,0.2698,0.04545,0.0732,0.2698,7455899,7458864,49.706,47619,0,47619,12922,3486,9435,166
gcc,bingo__bingo_l2c_thresh_0p95,1.39104,1.0116,0.0003,0.6561,1.1811,0.0527,0.0496,0.2761,0.05864,0.0496,0.2761,7456945,7458864,49.713,47610,0,47610,8549,2360,6188,147
gcc,bingo__bingo_pht_size_1024,1.38882,1.01,0.0003,0.5667,0.9052,0.0734,0.0698,0.2682,0.04882,0.0698,0.2682,7456548,7458864,49.7103,39362,0,39362,10241,2747,7494,141
gcc,bingo__bingo_pht_size_2048,1.39092,1.0115,0.0003,0.6482,1.1496,0.0623,0.0591,0.2749,0.05089,0.0591,0.2749,7456555,7458864,49.7104,46682,0,46682,10040,2760,7279,148
gcc,bingo__bingo_pht_size_8192,1.3916,1.012,0.0003,0.6762,1.2548,0.0578,0.0547,0.2736,0.0537,0.0547,0.2736,7456602,7458864,49.7107,49582,0,49582,9921,2714,7206,154
gcc,ipcp,1.39405,1.0138,0.0061,0.5877,1.3263,0.0662,0.0641,0.0533,0.03085,0.0641,0.0533,7413419,7458864,49.4228,204818,0,204818,246271,13132,233119,418
gcc,ipcp_1MB,1.39203,1.0149,0.0061,0.5544,1.5226,0.0662,0.064,0.0533,0.033,0.064,0.0533,7413443,7458864,49.423,205110,0,205110,246232,13128,233084,448
gcc,ipcp_2ch,1.39589,1.0135,0.0061,0.5876,1.3271,0.0661,0.064,0.0533,0.03123,0.064,0.0533,7413417,7458864,49.4228,204960,0,204960,246264,13123,233121,423
gcc,ipcp_4MB,1.39497,1.0136,0.0061,0.5946,1.2555,0.0661,0.0641,0.0533,0.03095,0.0641,0.0533,7413421,7458864,49.4228,204819,0,204819,246290,13120,233150,419
gcc,ipcp_L1only,1.3907,1.0114,0.0051,0.503,1.1395,,,0.0163,0.0,,0.0163,7421184,7458864,49.4746,0,0,0,178825,2910,175903,0
gcc,ipcp_L2only,1.37557,1.0004,0.0003,0.0305,0.0398,0.2233,0.2076,0.271,0.07004,0.2076,0.271,7456887,7458864,49.7126,14324,0,14324,10975,2974,8000,224
gcc,spp_dev2,1.37854,1.0025,0.0,0.1718,0.1896,0.0043,0.004,0.5166,0.07065,0.004,0.5166,7458716,7458864,49.7248,43083,0,43083,331,171,160,13
gcc,spp_dev2_1MB,1.37539,1.0027,0.0,0.1605,0.2195,0.0045,0.0041,0.5268,0.07812,0.0041,0.5268,7458710,7458864,49.7247,43097,0,43097,336,177,159,15
gcc,spp_dev2_2ch,1.38064,1.0024,0.0,0.1724,0.1877,0.0043,0.0039,0.512,0.07609,0.0039,0.512,7458717,7458864,49.7248,43273,0,43273,332,170,162,14
gcc,spp_dev2_4MB,1.37941,1.0023,0.0,0.1733,0.1836,0.0043,0.0039,0.5152,0.07609,0.0039,0.5152,7458717,7458864,49.7248,43085,0,43085,330,170,160,14
gcc,spp_dev2__pf20_fill100,1.38255,1.0054,0.0,0.3206,0.4422,0.0,0.0,,,0.0,,7458833,7458864,49.7256,111750,0,111750,0,0,0,0
gcc,spp_dev2__pf20_fill50,1.38296,1.0057,0.0005,0.3368,0.4462,0.08,0.0732,0.4284,0.08541,0.0732,0.4284,7454918,7458864,49.6995,68631,0,68631,11723,5022,6701,469
gcc,spp_dev2__pf20_fill70,1.38276,1.0056,0.0002,0.332,0.4443,0.0244,0.0221,0.453,0.09536,0.0221,0.453,7457402,7458864,49.716,81103,0,81103,3958,1793,2165,189
gcc,spp_dev2__pf20_fill90,1.38277,1.0056,0.0,0.3346,0.4636,0.0014,0.0013,0.4797,0.10127,0.0013,0.4797,7458715,7458864,49.7248,112692,0,112692,296,142,154,16
gcc,spp_dev2__pf40_fill100,1.37841,1.0024,0.0,0.1681,0.1842,0.0,0.0,,,0.0,,7458851,7458864,49.7257,55208,0,55208,0,0,0,0
gcc,spp_dev2__pf40_fill50,1.37868,1.0026,0.0005,0.1782,0.1838,0.2316,0.2136,0.4288,0.07791,0.2136,0.4288,7454942,7458864,49.6996,23550,0,23550,11731,5030,6701,425
gcc,spp_dev2__pf40_fill70,1.37852,1.0025,0.0002,0.1733,0.1849,0.0674,0.0614,0.4543,0.08942,0.0614,0.4543,7457381,7458864,49.7159,29857,0,29857,4035,1833,2202,180
gcc,spp_dev2__pf40_fill90,1.37854,1.0025,0.0,0.1718,0.1896,0.0043,0.004,0.5166,0.07065,0.004,0.5166,7458716,7458864,49.7248,43083,0,43083,331,171,160,13
gcc,spp_dev2__pf60_fill100,1.37673,1.0012,0.0,0.0948,0.0772,0.0,0.0,,,0.0,,7458857,7458864,49.7257,30084,0,30084,0,0,0,0
gcc,spp_dev2__pf60_fill70,1.37674,1.0012,0.0002,0.0982,0.0769,0.1707,0.1569,0.4626,0.08103,0.1569,0.4626,7457375,7458864,49.7158,11638,0,11638,3947,1826,2121,161
gcc,spp_dev2__pf60_fill90,1.37673,1.0012,0.0,0.0951,0.0772,0.009,0.008,0.4811,0.10526,0.008,0.4811,7458740,7458864,49.7249,19090,0,19090,318,153,165,18
gcc,spp_dev2__pf80_fill100,1.37546,1.0003,0.0,0.0223,0.0165,0.0,0.0,,,0.0,,7458860,7458864,49.7257,8402,0,8402,0,0,0,0
gcc,spp_dev2__pf80_fill90,1.37547,1.0003,0.0,0.0235,0.0166,0.045,0.0394,0.4414,0.12329,0.0394,0.4414,7458761,7458864,49.7251,3245,0,3245,290,128,162,18
gcc,spp_dev2__spp_dev2_fill_threshold_100,1.37841,1.0024,0.0,0.1681,0.1842,0.0,0.0,,,0.0,,7458851,7458864,49.7257,55208,0,55208,0,0,0,0
gcc,spp_dev2__spp_dev2_fill_threshold_50,1.37868,1.0026,0.0005,0.1782,0.1838,0.2316,0.2136,0.4288,0.07791,0.2136,0.4288,7454942,7458864,49.6996,23550,0,23550,11731,5030,6701,425
gcc,spp_dev2__spp_dev2_fill_threshold_70,1.37852,1.0025,0.0002,0.1733,0.1849,0.0674,0.0614,0.4543,0.08942,0.0614,0.4543,7457381,7458864,49.7159,29857,0,29857,4035,1833,2202,180
gcc,spp_dev2__spp_dev2_pf_threshold_20,1.38277,1.0056,0.0,0.3346,0.4636,0.0014,0.0013,0.4797,0.10127,0.0013,0.4797,7458715,7458864,49.7248,112692,0,112692,296,142,154,16
gcc,spp_dev2__spp_dev2_pf_threshold_60,1.37673,1.0012,0.0,0.0951,0.0772,0.009,0.008,0.4811,0.10526,0.008,0.4811,7458740,7458864,49.7249,19090,0,19090,318,153,165,18
gcc,spp_dev2__spp_dev2_pf_threshold_80,1.37547,1.0003,0.0,0.0235,0.0166,0.045,0.0394,0.4414,0.12329,0.0394,0.4414,7458761,7458864,49.7251,3245,0,3245,290,128,162,18
gcc,streamer,1.38686,1.0086,0.002,0.4476,0.7599,0.1191,0.1174,0.1716,0.01446,0.1174,0.1716,7443949,7458864,49.6263,167194,0,167194,114385,19626,94739,288
gcc,streamer_1MB,1.38403,1.009,0.002,0.4097,0.7962,0.1191,0.1173,0.1715,0.01531,0.1173,0.1715,7443962,7458864,49.6264,167219,0,167219,114372,19613,94739,305
gcc,streamer_2ch,1.38908,1.0085,0.002,0.4479,0.7602,0.1191,0.1176,0.1719,0.01275,0.1176,0.1719,7443909,7458864,49.6261,167224,0,167224,114434,19666,94748,254
gcc,streamer_4MB,1.38807,1.0086,0.002,0.4565,0.7314,0.1191,0.1174,0.1717,0.01391,0.1174,0.1717,7443938,7458864,49.6263,167204,0,167204,114393,19637,94736,277
gcc,streamer__streamer_pref_degree_1,1.379,1.0029,0.0008,0.1897,0.2447,0.2485,0.2374,0.2742,0.04459,0.2374,0.2742,7452629,7458864,49.6842,35014,0,35014,30317,8314,21998,388
gcc,streamer__streamer_pref_degree_16,1.39099,1.0116,0.0024,0.5946,1.3671,0.0541,0.0537,0.0934,0.00683,0.0537,0.0934,7441024,7458864,49.6068,484311,1855,482456,277213,25902,251258,178
gcc,streamer__streamer_pref_degree_2,1.38287,1.0057,0.0014,0.3177,0.4038,0.2016,0.1966,0.2457,0.0247,0.1966,0.2457,7448471,7458864,49.6565,69480,0,69480,55605,13663,41932,346
gcc,streamer__streamer_pref_degree_4,1.38611,1.008,0.0019,0.4257,0.6566,0.1382,0.1358,0.1912,0.01741,0.1358,0.1912,7444869,7458864,49.6325,135466,0,135466,96220,18402,77801,326
gcc,stride,1.37642,1.001,0.0003,0.0675,0.0305,0.2482,0.2474,0.5418,0.00321,0.2474,0.5418,7456882,7458864,49.7125,10028,0,10028,4579,2481,2098,8
gcc,stride_1MB,1.37305,1.001,0.0003,0.0627,0.0298,0.2483,0.2474,0.5418,0.00362,0.2474,0.5418,7456882,7458864,49.7125,10026,0,10026,4577,2480,2097,9
gcc,stride_2ch,1.37865,1.001,0.0003,0.0674,0.0305,0.2483,0.2478,0.5422,0.00201,0.2478,0.5422,7456879,7458864,49.7125,10026,0,10026,4581,2484,2097,5
gcc,stride_4MB,1.37757,1.0009,0.0003,0.0682,0.0298,0.2482,0.2473,0.5417,0.00362,0.2473,0.5417,7456883,7458864,49.7126,10028,0,10028,4578,2480,2098,9
gcc,stride_L1,1.37648,1.001,0.0005,0.0629,0.0615,,,0.0006,0.0,,0.0006,7455480,7458864,49.7032,0,0,0,7982,5,7977,0
gcc,stride__stride_pref_degree_1,1.37508,1.0,0.0,0.0,0.0,0.0,0.0,,,0.0,,7458864,7458864,49.7258,5113,0,5113,0,0,0,0
gcc,stride__stride_pref_degree_16,1.37986,1.0035,0.0008,0.2064,0.2509,0.113,0.1128,0.1996,0.00225,0.1128,0.1996,7453068,7458864,49.6871,63014,4,63010,35600,7105,28495,16
gcc,stride__stride_pref_degree_4,1.37742,1.0017,0.0004,0.1125,0.0769,0.2033,0.2029,0.3751,0.00203,0.2029,0.3751,7455697,7458864,49.7046,19343,0,19343,10464,3925,6539,8
gcc,stride__stride_pref_degree_8,1.37863,1.0026,0.0006,0.1636,0.1576,0.1551,0.1547,0.269,0.00304,0.1547,0.269,7454351,7458864,49.6957,36062,0,36062,20733,5578,15155,17
lbm,nopref,0.48462,,,,,,,,,,,4298067,,28.6538,0,0,0,0,0,0,0
lbm,bingo,0.67859,1.4003,0.2284,0.9599,-0.0,0.9909,0.9619,1.0,0.02932,0.9619,1.0,3316233,4298067,22.1082,1373458,0,1373458,1321117,1321117,0,39906
lbm,bingo_1MB,0.67198,1.38,0.2283,0.96,-0.0,0.9911,0.9616,1.0,0.02974,0.9616,1.0,3316624,4298062,22.1108,1373458,0,1373458,1320693,1320693,0,40482
lbm,bingo_2ch,1.1019,1.6194,0.2287,0.9556,-0.0,0.9876,0.9615,1.0,0.02639,0.9615,1.0,3315187,4297922,22.1012,1373459,0,1373459,1320592,1320592,0,35797
lbm,bingo_4MB,0.76483,1.4798,0.2281,0.9581,-0.0,0.9895,0.961,1.0,0.02877,0.961,1.0,3317798,4298017,22.1187,1373459,0,1373459,1319942,1319942,0,39104
lbm,bingo__bingo_l2c_thresh_0p5,0.67859,1.4003,0.2284,0.9599,-0.0,0.9909,0.9619,1.0,0.02932,0.9619,1.0,3316233,4298067,22.1082,1373458,0,1373458,1321117,1321117,0,39906
lbm,bingo__bingo_l2c_thresh_0p65,0.67859,1.4003,0.2284,0.9599,-0.0,0.9909,0.9619,1.0,0.02932,0.9619,1.0,3316233,4298067,22.1082,1373458,0,1373458,1321117,1321117,0,39906
lbm,bingo__bingo_l2c_thresh_0p95,0.67859,1.4003,0.2284,0.9599,-0.0,0.9909,0.9619,1.0,0.02932,0.9619,1.0,3316233,4298067,22.1082,1373458,0,1373458,1321117,1321117,0,39906
lbm,bingo__bingo_pht_size_1024,0.67859,1.4003,0.2284,0.9599,-0.0,0.9909,0.9619,1.0,0.02932,0.9619,1.0,3316233,4298067,22.1082,1373458,0,1373458,1321117,1321117,0,39906
lbm,bingo__bingo_pht_size_2048,0.67859,1.4003,0.2284,0.9599,-0.0,0.9909,0.9619,1.0,0.02932,0.9619,1.0,3316233,4298067,22.1082,1373458,0,1373458,1321117,1321117,0,39906
lbm,bingo__bingo_pht_size_8192,0.67859,1.4003,0.2284,0.9599,-0.0,0.9909,0.9619,1.0,0.02932,0.9619,1.0,3316233,4298067,22.1082,1373458,0,1373458,1321117,1321117,0,39906
lbm,ipcp,0.66761,1.3776,0.2296,0.9683,0.0127,0.0576,0.0385,0.0834,0.33244,0.0385,0.0834,3311196,4298067,22.0746,2910665,0,2910665,1343143,111959,1229479,55756
lbm,ipcp_1MB,0.66149,1.3584,0.2289,0.9678,0.0127,0.0602,0.04,0.0869,0.33504,0.04,0.0869,3314430,4298062,22.0962,2909132,0,2909132,1339816,116409,1221691,58653
lbm,ipcp_2ch,1.08973,1.6016,0.2383,0.9721,0.0127,0.0316,0.0233,0.0493,0.26221,0.0233,0.0493,3273595,4297922,21.824,2913394,0,2913394,1378901,67918,1309088,24138
lbm,ipcp_4MB,0.74871,1.4487,0.2342,0.9702,0.0127,0.0407,0.0276,0.058,0.32163,0.0276,0.058,3291330,4298017,21.9422,2862859,0,2862859,1363407,79055,1282664,37481
lbm,ipcp_L1only,0.64956,1.3403,0.2349,0.9385,0.0094,,,0.0096,0.0,,0.0096,3288641,4298067,21.9243,0,0,0,1359180,13013,1344221,0
lbm,ipcp_L2only,0.48465,1.0001,-0.0,0.0,0.0,0.2951,0.1475,0.75,0.5,0.1475,0.75,4298070,4298067,28.6538,61,0,61,12,9,3,9
lbm,spp_dev2,0.66021,1.3623,0.0773,0.9121,0.0002,0.0765,0.0573,1.0,0.25203,0.0573,1.0,3965670,4298067,26.4378,9224195,0,9224195,528118,528096,22,177941
lbm,spp_dev2_1MB,0.66696,1.3697,0.0776,0.9119,0.0002,0.0767,0.0574,1.0,0.25168,0.0574,1.0,3964525,4298062,26.4302,9224102,0,9224102,529195,529174,21,177974
lbm,spp_dev2_2ch,1.06177,1.5605,0.072,0.9239,0.0002,0.0701,0.0547,1.0,0.22003,0.0547,1.0,3988392,4297922,26.5893,9220273,0,9220273,504058,504040,18,142191
lbm,spp_dev2_4MB,0.65585,1.269,0.0769,0.9113,0.0003,0.076,0.0571,1.0,0.24867,0.0571,1.0,3967317,4298017,26.4488,9224032,0,9224032,526581,526558,23,174280
lbm,spp_dev2__pf20_fill100,0.52168,1.0765,0.0,0.3541,0.0,0.0,0.0,,,0.0,,4298048,4298067,28.6537,1360697,0,1360697,0,0,0,0
lbm,spp_dev2__pf20_fill50,0.6677,1.3778,0.2306,0.9723,0.0003,0.1615,0.1564,0.9999,0.03126,0.1564,0.9999,3307079,4298067,22.0472,8559838,0,8559838,1338974,1338793,181,43208
lbm,spp_dev2__pf20_fill70,0.67048,1.3835,0.2129,0.9703,0.0003,0.1083,0.1013,0.9999,0.06445,0.1013,0.9999,3383144,4298067,22.5543,12347665,0,12347665,1251005,1250915,90,86176
lbm,spp_dev2__pf20_fill90,0.67018,1.3829,0.0828,0.9575,0.0004,0.0474,0.036,1.0,0.24117,0.036,1.0,3942093,4298067,26.2806,15235081,0,15235081,547768,547744,24,174082
lbm,spp_dev2__pf40_fill100,0.52156,1.0762,0.0,0.3541,0.0,0.0,0.0,,,0.0,,4298050,4298067,28.6537,1360668,0,1360668,0,0,0,0
lbm,spp_dev2__pf40_fill50,0.64506,1.3311,0.2014,0.9706,0.0002,0.4142,0.3636,0.9998,0.12216,0.3636,0.9998,3432418,4298067,22.8828,3332937,0,3332937,1212060,1211862,198,168645
lbm,spp_dev2__pf40_fill70,0.65511,1.3518,0.1909,0.9655,0.0002,0.198,0.1725,0.9999,0.12888,0.1725,0.9999,3477555,4298067,23.1837,6711254,0,6711254,1157825,1157723,102,171278
lbm,spp_dev2__pf40_fill90,0.66021,1.3623,0.0773,0.9121,0.0002,0.0765,0.0573,1.0,0.25203,0.0573,1.0,3965670,4298067,26.4378,9224195,0,9224195,528118,528096,22,177941
lbm,spp_dev2__pf60_fill100,0.5216,1.0763,0.0,0.3541,0.0,0.0,0.0,,,0.0,,4298054,4298067,28.6537,1360625,0,1360625,0,0,0,0
lbm,spp_dev2__pf60_fill70,0.62785,1.2956,0.1388,0.9387,0.0001,0.4579,0.3248,0.9999,0.29054,0.3248,0.9999,3701441,4298067,24.6763,2873248,0,2873248,933443,933346,97,382223
lbm,spp_dev2__pf60_fill90,0.63191,1.3039,0.0561,0.7737,0.0001,0.1282,0.0861,1.0,0.32799,0.0861,1.0,4056859,4298067,27.0457,5087191,0,5087191,438137,438116,21,213834
lbm,spp_dev2__pf80_fill100,0.519,1.0709,0.0,0.3422,0.0,0.0,0.0,,,0.0,,4298059,4298067,28.6537,1331174,0,1331174,0,0,0,0
lbm,spp_dev2__pf80_fill90,0.57403,1.1845,0.0437,0.5552,0.0,0.2861,0.1799,1.0,0.37134,0.1799,1.0,4110355,4298067,27.4024,2114119,0,2114119,380307,380293,14,224636
lbm,spp_dev2__spp_dev2_fill_threshold_100,0.52156,1.0762,0.0,0.3541,0.0,0.0,0.0,,,0.0,,4298050,4298067,28.6537,1360668,0,1360668,0,0,0,0
lbm,spp_dev2__spp_dev2_fill_threshold_50,0.64506,1.3311,0.2014,0.9706,0.0002,0.4142,0.3636,0.9998,0.12216,0.3636,0.9998,3432418,4298067,22.8828,3332937,0,3332937,1212060,1211862,198,168645
lbm,spp_dev2__spp_dev2_fill_threshold_70,0.65511,1.3518,0.1909,0.9655,0.0002,0.198,0.1725,0.9999,0.12888,0.1725,0.9999,3477555,4298067,23.1837,6711254,0,6711254,1157825,1157723,102,171278
lbm,spp_dev2__spp_dev2_pf_threshold_20,0.67018,1.3829,0.0828,0.9575,0.0004,0.0474,0.036,1.0,0.24117,0.036,1.0,3942093,4298067,26.2806,15235081,0,15235081,547768,547744,24,174082
lbm,spp_dev2__spp_dev2_pf_threshold_60,0.63191,1.3039,0.0561,0.7737,0.0001,0.1282,0.0861,1.0,0.32799,0.0861,1.0,4056859,4298067,27.0457,5087191,0,5087191,438137,438116,21,213834
lbm,spp_dev2__spp_dev2_pf_threshold_80,0.57403,1.1845,0.0437,0.5552,0.0,0.2861,0.1799,1.0,0.37134,0.1799,1.0,4110355,4298067,27.4024,2114119,0,2114119,380307,380293,14,224636
lbm,streamer,0.61976,1.2789,0.12,0.8876,-0.0,0.998,0.658,1.0,0.34071,0.658,1.0,3782135,4298067,25.2142,1265275,0,1265275,832512,832505,7,430231
lbm,streamer_1MB,0.61831,1.2698,0.1213,0.8876,-0.0,0.998,0.6621,1.0,0.33656,0.6621,1.0,3776870,4298062,25.1791,1265260,0,1265260,837739,837732,7,424986
lbm,streamer_2ch,0.95856,1.4088,0.1188,0.8868,-0.0,0.9973,0.6537,1.0,0.34453,0.6537,1.0,3787165,4297922,25.2478,1265285,0,1265285,827115,827108,7,434741
lbm,streamer_4MB,0.6805,1.3167,0.1154,0.8869,0.0,0.9974,0.6421,1.0,0.35621,0.6421,1.0,3802105,4298017,25.3474,1265270,0,1265270,812434,812427,7,449513
lbm,streamer__streamer_pref_degree_1,0.49097,1.0131,0.041,0.1823,-0.0,0.9922,0.9222,1.0,0.07057,0.9222,1.0,4122027,4298067,27.4802,261944,0,261944,241574,241572,2,18341
lbm,streamer__streamer_pref_degree_16,0.66417,1.3705,0.2169,0.8893,-0.0,0.3457,0.3424,1.0,0.00971,0.3424,1.0,3365628,4298067,22.4375,3657951,5,3657946,1252451,1252444,7,12284
lbm,streamer__streamer_pref_degree_2,0.50118,1.0342,0.0834,0.3634,-0.0,0.9961,0.9405,1.0,0.05587,0.9405,1.0,3939534,4298067,26.2636,519448,0,519448,488521,488517,4,28909
lbm,streamer__streamer_pref_degree_4,0.60095,1.24,0.1368,0.7153,-0.0,0.9968,0.8261,1.0,0.17126,0.8261,1.0,3709913,4298067,24.7328,1021100,0,1021100,843543,843537,6,174316
lbm,stride,0.51488,1.0624,0.098,0.401,-0.0,0.471,0.4659,1.0,0.01075,0.4659,1.0,3876784,4298067,25.8452,1233932,0,1233932,574896,574896,0,6245
lbm,stride_1MB,0.51689,1.0615,0.0978,0.401,-0.0,0.471,0.4652,1.0,0.01215,0.4652,1.0,3877610,4298062,25.8507,1233855,0,1233855,574050,574050,0,7060
lbm,stride_2ch,0.73272,1.0769,0.0976,0.4011,-0.0,0.471,0.4644,1.0,0.01391,0.4644,1.0,3878414,4297922,25.8561,1234044,0,1234044,573138,573138,0,8085
lbm,stride_4MB,0.54584,1.0561,0.0983,0.401,-0.0,0.471,0.4668,1.0,0.00883,0.4668,1.0,3875685,4298017,25.8379,1233840,0,1233840,575964,575964,0,5130
lbm,stride_L1,0.58825,1.2138,0.1641,0.6617,-0.0,,,0.0,,,0.0,3592695,4298067,23.9513,0,0,0,800606,0,799257,0
lbm,stride__stride_pref_degree_1,0.48462,1.0,0.0,0.0,0.0,0.0,0.0,,,0.0,,4298067,4298067,28.6538,652741,0,652741,0,0,0,0
lbm,stride__stride_pref_degree_16,0.51912,1.0712,0.1101,0.445,-0.0,0.168,0.1676,1.0,0.00182,0.1676,1.0,3824839,4298067,25.4989,3785223,64,3785159,634561,634561,0,1158
lbm,stride__stride_pref_degree_4,0.51828,1.0695,0.1069,0.4316,-0.0,0.2793,0.279,1.0,0.00123,0.279,1.0,3838717,4298067,25.5914,2217234,0,2217234,618505,618505,0,759
lbm,stride__stride_pref_degree_8,0.52384,1.0809,0.1101,0.445,-0.0,0.1832,0.1829,1.0,0.00192,0.1829,1.0,3824953,4298067,25.4997,3469563,0,3469563,634486,634486,0,1222
leslie3d,nopref,0.57944,,,,,,,,,,,1423457,,9.4897,0,0,0,0,0,0,0
leslie3d,bingo,1.00329,1.7315,0.6987,0.9024,0.049,0.808,0.8022,0.981,0.00724,0.8022,0.981,428945,1423457,2.8596,1566426,0,1566426,1280913,1256569,24238,9165
leslie3d,bingo_1MB,0.99668,1.7227,0.6985,0.8931,0.0757,0.808,0.8021,0.981,0.00736,0.8021,0.981,429219,1423457,2.8615,1566277,0,1566277,1280648,1256277,24265,9317
leslie3d,bingo_2ch,1.02216,1.7542,0.699,0.9017,0.0488,0.8076,0.8025,0.981,0.00622,0.8025,0.981,428416,1423455,2.8561,1566393,0,1566393,1281466,1257103,24257,7864
leslie3d,bingo_4MB,1.01049,1.7344,0.6989,0.9096,0.0334,0.8082,0.8025,0.981,0.00701,0.8025,0.981,428556,1423457,2.857,1566322,0,1566322,1281322,1256962,24254,8872
leslie3d,bingo__bingo_l2c_thresh_0p5,1.00549,1.7353,0.7167,0.9009,0.0542,0.8359,0.8301,0.9605,0.00692,0.8301,0.9605,403240,1423457,2.6883,1567079,0,1567079,1354351,1300906,53339,9071
leslie3d,bingo__bingo_l2c_thresh_0p65,1.00426,1.7332,0.708,0.9015,0.0517,0.8222,0.8164,0.9728,0.00707,0.8164,0.9728,415616,1423457,2.7708,1566587,0,1566587,1314687,1278922,35659,9101
leslie3d,bingo__bingo_l2c_thresh_0p95,0.98983,1.7083,0.6449,0.8958,0.053,0.7506,0.7448,0.9875,0.00762,0.7448,0.9875,505475,1423457,3.3698,1565626,0,1565626,1180906,1166127,14693,8957
leslie3d,bingo__bingo_pht_size_1024,0.96428,1.6642,0.6328,0.8507,0.0412,0.8154,0.8093,0.9736,0.00746,0.8093,0.9736,522696,1423457,3.4846,1387142,0,1387142,1153080,1122599,30375,8443
leslie3d,bingo__bingo_pht_size_2048,0.98865,1.7062,0.6739,0.8839,0.0475,0.8099,0.804,0.9718,0.0073,0.804,0.9718,464242,1423457,3.0949,1499856,0,1499856,1240781,1205849,34826,8872
leslie3d,bingo__bingo_pht_size_8192,1.00685,1.7376,0.7042,0.9074,0.0499,0.8108,0.8049,0.9821,0.00719,0.8049,0.9821,421105,1423457,2.8074,1574521,0,1574521,1290441,1267380,22955,9180
leslie3d,ipcp,1.10278,1.9032,0.8111,0.9704,0.1189,0.0192,0.0192,0.1189,0.00114,0.0192,0.1189,268934,1423457,1.7929,10970080,5891,10964189,1771233,210590,1558497,240
leslie3d,ipcp_1MB,1.09041,1.8847,0.8109,0.9579,0.1891,0.0193,0.0192,0.1189,0.00128,0.0192,0.1189,269116,1423457,1.7941,10956421,5855,10950566,1770352,210531,1557670,269
leslie3d,ipcp_2ch,1.12608,1.9326,0.8112,0.9705,0.1184,0.0192,0.0192,0.119,0.00109,0.0192,0.119,268749,1423455,1.7917,10996792,5897,10990895,1771130,210762,1558222,229
leslie3d,ipcp_4MB,1.1099,1.905,0.8115,0.974,0.1027,0.0192,0.0192,0.119,0.00115,0.0192,0.119,268284,1423457,1.7886,10976798,5892,10970906,1771222,210723,1558351,243
leslie3d,ipcp_L1only,1.06346,1.8353,0.7942,0.962,0.0812,,,0.1124,0.0,,0.1124,292906,1423457,1.9527,0,0,0,1567260,176134,1389014,0
leslie3d,ipcp_L2only,0.57946,1.0,0.0001,0.0001,0.0001,0.0745,0.0597,0.6696,0.19929,0.0597,0.6696,1423311,1423457,9.4887,3770,0,3770,336,225,111,56
leslie3d,spp_dev2,1.01109,1.7449,0.457,0.9567,0.0197,0.1081,0.1037,0.971,0.04139,0.1037,0.971,772867,1423457,5.1524,7952638,6488,7946150,848390,823793,24590,35571
leslie3d,spp_dev2_1MB,1.00623,1.7392,0.4567,0.951,0.0433,0.1086,0.1041,0.9686,0.04124,0.1041,0.9686,773394,1423457,5.156,7913995,5213,7908782,850323,823598,26718,35425
leslie3d,spp_dev2_2ch,1.02324,1.7561,0.457,0.9558,0.0184,0.1083,0.104,0.9708,0.03985,0.104,0.9708,772894,1423455,5.1526,7928958,6304,7922654,848539,823754,24777,34191
leslie3d,spp_dev2_4MB,1.01828,1.7478,0.457,0.9582,0.0187,0.1085,0.104,0.9705,0.04151,0.104,0.9705,772944,1423457,5.153,7928895,5640,7923255,848976,823928,25040,35680
leslie3d,spp_dev2__pf20_fill100,0.8594,1.4832,0.0005,0.6758,0.0117,0.0,0.0,,,0.0,,1422784,1423457,9.4852,2328319,0,2328319,0,0,0,0
leslie3d,spp_dev2__pf20_fill50,1.05753,1.8251,0.7368,0.9613,0.0192,0.198,0.1965,0.9402,0.00749,0.1965,0.9402,374711,1423457,2.4981,6842534,129,6842405,1430137,1344669,85442,10150
leslie3d,spp_dev2__pf20_fill70,1.05389,1.8188,0.7088,0.9616,0.0235,0.1293,0.1278,0.9588,0.01124,0.1278,0.9588,414444,1423457,2.763,10026402,19070,10007332,1334281,1279309,54955,14539
leslie3d,spp_dev2__pf20_fill90,1.0143,1.7505,0.4563,0.9617,0.0258,0.0625,0.0599,0.9707,0.0411,0.0599,0.9707,773910,1423457,5.1594,13791082,113530,13677552,844603,819834,24762,35141
leslie3d,spp_dev2__pf40_fill100,0.85829,1.4812,0.0003,0.6727,0.0073,0.0,0.0,,,0.0,,1423085,1423457,9.4872,2192176,0,2192176,0,0,0,0
leslie3d,spp_dev2__pf40_fill50,1.036,1.7879,0.7033,0.9535,0.0117,0.4316,0.413,0.9394,0.04306,0.413,0.9394,422368,1423457,2.8158,3145154,0,3145154,1382796,1299062,83707,58453
leslie3d,spp_dev2__pf40_fill70,1.04424,1.8022,0.6909,0.9558,0.0142,0.2409,0.233,0.9574,0.03292,0.233,0.9574,439947,1423457,2.933,5388821,0,5388821,1311453,1255567,55868,42741
leslie3d,spp_dev2__pf40_fill90,1.01109,1.7449,0.457,0.9567,0.0197,0.1081,0.1037,0.971,0.04139,0.1037,0.971,772867,1423457,5.1524,7952638,6488,7946150,848390,823793,24590,35571
leslie3d,spp_dev2__pf60_fill100,0.85242,1.4711,0.0002,0.6624,0.0062,0.0,0.0,,,0.0,,1423186,1423457,9.4879,1984187,0,1984187,0,0,0,0
leslie3d,spp_dev2__pf60_fill70,0.99907,1.7242,0.6313,0.9411,0.0114,0.497,0.4481,0.9543,0.09826,0.4481,0.9543,524767,1423457,3.4984,2614590,0,2614590,1227852,1171681,56153,127675
leslie3d,spp_dev2__pf60_fill90,0.99381,1.7151,0.4373,0.93,0.0097,0.1966,0.1827,0.9695,0.07083,0.1827,0.9695,800932,1423457,5.3395,4360991,0,4360991,821749,796650,25091,60732
leslie3d,spp_dev2__pf80_fill100,0.8409,1.4512,0.0001,0.6376,0.0042,0.0,0.0,,,0.0,,1423297,1423457,9.4886,1737726,0,1737726,0,0,0,0
leslie3d,spp_dev2__pf80_fill90,0.8829,1.5237,0.3452,0.828,0.0089,0.4761,0.3726,0.9638,0.21736,0.3726,0.9638,932065,1423457,6.2138,1786330,0,1786330,690600,665572,25020,184843
leslie3d,spp_dev2__spp_dev2_fill_threshold_100,0.85829,1.4812,0.0003,0.6727,0.0073,0.0,0.0,,,0.0,,1423085,1423457,9.4872,2192176,0,2192176,0,0,0,0
leslie3d,spp_dev2__spp_dev2_fill_threshold_50,1.036,1.7879,0.7033,0.9535,0.0117,0.4316,0.413,0.9394,0.04306,0.413,0.9394,422368,1423457,2.8158,3145154,0,3145154,1382796,1299062,83707,58453
leslie3d,spp_dev2__spp_dev2_fill_threshold_70,1.04424,1.8022,0.6909,0.9558,0.0142,0.2409,0.233,0.9574,0.03292,0.233,0.9574,439947,1423457,2.933,5388821,0,5388821,1311453,1255567,55868,42741
leslie3d,spp_dev2__spp_dev2_pf_threshold_20,1.0143,1.7505,0.4563,0.9617,0.0258,0.0625,0.0599,0.9707,0.0411,0.0599,0.9707,773910,1423457,5.1594,13791082,113530,13677552,844603,819834,24762,35141
leslie3d,spp_dev2__spp_dev2_pf_threshold_60,0.99381,1.7151,0.4373,0.93,0.0097,0.1966,0.1827,0.9695,0.07083,0.1827,0.9695,800932,1423457,5.3395,4360991,0,4360991,821749,796650,25091,60732
leslie3d,spp_dev2__spp_dev2_pf_threshold_80,0.8829,1.5237,0.3452,0.828,0.0089,0.4761,0.3726,0.9638,0.21736,0.3726,0.9638,932065,1423457,6.2138,1786330,0,1786330,690600,665572,25020,184843
leslie3d,streamer,0.98734,1.704,0.6001,0.8792,0.1174,0.1453,0.1428,0.8254,0.0171,0.1428,0.8254,569255,1423457,3.795,7553499,3582,7549917,1306435,1078308,228081,18762
leslie3d,streamer_1MB,0.9746,1.6845,0.5998,0.8587,0.1512,0.1453,0.1428,0.8253,0.01746,0.1428,0.8253,569619,1423457,3.7975,7553935,3581,7550354,1306078,1077952,228080,19154
leslie3d,streamer_2ch,1.00417,1.7234,0.603,0.8788,0.1174,0.1453,0.1434,0.8259,0.01303,0.1434,0.8259,565151,1423455,3.7677,7552543,3581,7548962,1310542,1082414,228082,14293
leslie3d,streamer_4MB,0.98889,1.6973,0.6002,0.8846,0.1172,0.1453,0.1428,0.8254,0.01693,0.1428,0.8254,569064,1423457,3.7938,7553675,3581,7550094,1306634,1078507,228081,18577
leslie3d,streamer__streamer_pref_degree_1,0.856,1.4773,0.4123,0.8246,0.0346,0.6626,0.4967,0.9509,0.25048,0.4967,0.9509,836536,1423457,5.5769,1567689,0,1567689,818832,778614,40208,260199
leslie3d,streamer__streamer_pref_degree_16,0.99306,1.7138,0.6466,0.9058,0.2447,0.0615,0.0613,0.6717,0.0037,0.0613,0.6717,503078,1423457,3.3539,21613407,1983515,19629892,1791750,1203563,588075,4474
leslie3d,streamer__streamer_pref_degree_2,0.92011,1.5879,0.5053,0.8448,0.0622,0.3403,0.296,0.912,0.13004,0.296,0.912,704199,1423457,4.6947,3107492,0,3107492,1008607,919851,88737,137495
leslie3d,streamer__streamer_pref_degree_4,0.97301,1.6792,0.5807,0.8721,0.1014,0.1777,0.171,0.8509,0.03779,0.171,0.8509,596888,1423457,3.9793,6100525,0,6100525,1226093,1043251,182805,40974
leslie3d,stride,0.87022,1.5018,0.4856,0.8442,0.016,0.3444,0.2703,0.9651,0.21524,0.2703,0.9651,732209,1423457,4.8814,3495812,0,3495812,978997,944809,34178,259131
leslie3d,stride_1MB,0.86863,1.5013,0.4859,0.8417,0.0161,0.3444,0.2703,0.9651,0.2151,0.2703,0.9651,731863,1423457,4.8791,3496245,0,3496245,979338,945151,34177,259009
leslie3d,stride_2ch,0.87814,1.5071,0.474,0.8412,0.0159,0.3438,0.2657,0.9645,0.22721,0.2657,0.9645,748744,1423455,4.9916,3493656,0,3493656,962463,928276,34177,272921
leslie3d,stride_4MB,0.87615,1.5038,0.4846,0.8544,0.0147,0.3444,0.2699,0.965,0.21632,0.2699,0.965,733707,1423457,4.8914,3495315,0,3495315,977494,943307,34177,260388
leslie3d,stride_L1,0.89037,1.5366,0.682,0.8474,0.0235,,,0.12,0.0,,0.12,452634,1423457,3.0176,0,0,0,1259804,151184,1106628,0
leslie3d,stride__stride_pref_degree_1,0.57944,1.0,0.0,0.0,0.0,0.0,0.0,,,0.0,,1423457,1423457,9.4897,1756524,0,1756524,0,0,0,0
leslie3d,stride__stride_pref_degree_16,1.00945,1.7421,0.6794,0.898,0.0589,0.058,0.0579,0.7506,0.00196,0.0579,0.7506,456424,1423457,3.0428,24710630,2507674,22202956,1712965,1285766,427092,2531
leslie3d,stride__stride_pref_degree_4,0.97688,1.6859,0.6155,0.8825,0.026,0.1794,0.1668,0.9212,0.07009,0.1668,0.9212,547373,1423457,3.6492,6870619,0,6870619,1244150,1146109,98013,86383
leslie3d,stride__stride_pref_degree_8,1.01333,1.7488,0.6762,0.8999,0.0204,0.0956,0.0954,0.8514,0.002,0.0954,0.8514,460855,1423457,3.0724,13265442,122165,13143277,1472291,1253503,218732,2508
libquantum,nopref,0.51376,,,,,,,,,,,3902726,,26.0182,0,0,0,0,0,0,0
libquantum,bingo,0.93577,1.8214,0.8348,0.9532,0.0001,0.9879,0.8966,0.9999,0.09243,0.8966,0.9999,644686,3902726,4.2979,5057983,0,5057983,4535287,4535021,265,461879
libquantum,bingo_1MB,0.93154,1.8308,0.832,0.9531,0.0001,0.9879,0.8945,0.9999,0.09459,0.8945,0.9999,655577,3902726,4.3705,5057988,0,5057988,4524402,4524130,271,472654
libquantum,bingo_2ch,1.22983,2.1943,0.9029,0.9534,0.0001,0.9881,0.9492,0.9999,0.03943,0.9492,0.9999,378811,3902726,2.5254,5057988,0,5057988,4801175,4800896,271,197050
libquantum,bingo_4MB,0.94319,1.7996,0.8393,0.9532,0.0001,0.9879,0.9001,0.9999,0.08894,0.9001,0.9999,627183,3902726,4.1812,5057988,0,5057988,4552796,4552524,271,444416
libquantum,bingo__bingo_l2c_thresh_0p5,0.93577,1.8214,0.8348,0.9532,0.0001,0.9879,0.8966,0.9999,0.09243,0.8966,0.9999,644686,3902726,4.2979,5057983,0,5057983,4535287,4535021,265,461879
libquantum,bingo__bingo_l2c_thresh_0p65,0.93577,1.8214,0.8348,0.9532,0.0001,0.9879,0.8966,0.9999,0.09243,0.8966,0.9999,644686,3902726,4.2979,5057983,0,5057983,4535287,4535021,265,461879
libquantum,bingo__bingo_l2c_thresh_0p95,0.93577,1.8214,0.8348,0.9532,0.0001,0.9879,0.8966,0.9999,0.09243,0.8966,0.9999,644686,3902726,4.2979,5057983,0,5057983,4535287,4535021,265,461879
libquantum,bingo__bingo_pht_size_1024,0.93577,1.8214,0.8348,0.9532,0.0001,0.9879,0.8966,0.9999,0.09243,0.8966,0.9999,644686,3902726,4.2979,5057983,0,5057983,4535287,4535021,265,461879
libquantum,bingo__bingo_pht_size_2048,0.93577,1.8214,0.8348,0.9532,0.0001,0.9879,0.8966,0.9999,0.09243,0.8966,0.9999,644686,3902726,4.2979,5057983,0,5057983,4535287,4535021,265,461879
libquantum,bingo__bingo_pht_size_8192,0.93577,1.8214,0.8348,0.9532,0.0001,0.9879,0.8966,0.9999,0.09243,0.8966,0.9999,644686,3902726,4.2979,5057983,0,5057983,4535287,4535021,265,461879
libquantum,ipcp,0.90893,1.7692,0.9922,0.9971,0.0004,0.0026,0.0005,0.001,0.78681,0.0005,0.001,30488,3902726,0.2033,9595218,0,9595218,5200020,5233,5190755,19313
libquantum,ipcp_1MB,0.90548,1.7796,0.9925,0.9975,0.0004,0.0026,0.0005,0.001,0.79356,0.0005,0.001,29374,3902726,0.1958,9499954,0,9499954,5201148,5121,5191995,19685
libquantum,ipcp_2ch,1.13446,2.0242,0.9914,0.9949,0.0004,0.002,0.0006,0.001,0.72266,0.0006,0.001,33559,3902726,0.2237,9770115,0,9770115,5196882,5414,5187436,14107
libquantum,ipcp_4MB,0.91848,1.7525,0.9917,0.9963,0.0004,0.0025,0.0005,0.001,0.78141,0.0005,0.001,32500,3902726,0.2167,9783723,0,9783723,5197926,5247,5188647,18757
libquantum,ipcp_L1only,0.87874,1.7104,0.9906,0.9906,0.0002,,,0.0,,,0.0,36582,3902726,0.2439,0,0,0,5192863,0,5188772,0
libquantum,ipcp_L2only,0.51371,0.9999,0.0,-0.0,0.0,0.32,0.28,0.3333,0.125,0.28,0.3333,3902724,3902726,26.0182,25,0,25,21,7,14,1
libquantum,spp_dev2,0.80683,1.5704,0.2453,0.9047,0.0391,0.0845,0.0484,1.0,0.42662,0.0484,1.0,2945357,3902726,19.6357,37674374,0,37674374,1825102,1825090,11,1357968
libquantum,spp_dev2_1MB,0.80517,1.5824,0.2454,0.906,0.0192,0.0845,0.0485,1.0,0.42671,0.0485,1.0,2944984,3902726,19.6332,37674100,0,37674100,1825475,1825463,11,1358737
libquantum,spp_dev2_2ch,0.95047,1.6959,0.2449,0.9164,0.0391,0.0837,0.0484,1.0,0.42197,0.0484,1.0,2946993,3902726,19.6466,37679529,0,37679529,1823464,1823454,10,1331157
libquantum,spp_dev2_4MB,0.81403,1.5532,0.2445,0.9018,0.0814,0.0845,0.0484,1.0,0.42751,0.0484,1.0,2948497,3902726,19.6566,37677189,0,37677189,1821960,1821950,10,1360546
libquantum,spp_dev2__pf20_fill100,0.51906,1.0103,0.0,0.2025,0.039,0.0,0.0,,,0.0,,3902726,3902726,26.0182,5067955,0,5067955,0,0,0,0
libquantum,spp_dev2__pf20_fill50,0.90159,1.7549,0.8262,0.9633,0.0391,0.1529,0.1365,1.0,0.10678,0.1365,1.0,678469,3902726,4.5231,33097723,0,33097723,4519460,4519394,65,540259
libquantum,spp_dev2__pf20_fill70,0.8884,1.7292,0.7379,0.9608,0.0391,0.1006,0.0832,1.0,0.17266,0.0832,1.0,1022713,3902726,6.8181,49891044,0,49891044,4152448,4152408,39,866559
libquantum,spp_dev2__pf20_fill90,0.81471,1.5858,0.2461,0.9097,0.0391,0.0506,0.029,1.0,0.42672,0.029,1.0,2942219,3902726,19.6148,61127752,0,61127752,1771936,1771924,11,1318928
libquantum,spp_dev2__pf40_fill100,0.51906,1.0103,0.0,0.2025,0.039,0.0,0.0,,,0.0,,3902726,3902726,26.0182,5067955,0,5067955,0,0,0,0
libquantum,spp_dev2__pf40_fill50,0.84658,1.6478,0.7684,0.9632,0.0389,0.4098,0.3479,1.0,0.15125,0.3479,1.0,903846,3902726,6.0256,12344334,0,12344334,4294090,4294018,71,765197
libquantum,spp_dev2__pf40_fill70,0.86342,1.6806,0.6999,0.9598,0.0391,0.1862,0.1488,1.0,0.2009,0.1488,1.0,1171054,3902726,7.807,27056178,0,27056178,4026300,4026261,39,1012245
libquantum,spp_dev2__pf40_fill90,0.80683,1.5704,0.2453,0.9047,0.0391,0.0845,0.0484,1.0,0.42662,0.0484,1.0,2945357,3902726,19.6357,37674374,0,37674374,1825102,1825090,11,1357968
libquantum,spp_dev2__pf60_fill100,0.51921,1.0106,0.0,0.2025,0.039,0.0,0.0,,,0.0,,3902726,3902726,26.0182,5067950,0,5067950,0,0,0,0
libquantum,spp_dev2__pf60_fill70,0.73766,1.4358,0.4909,0.9591,0.0386,0.4653,0.2966,1.0,0.36248,0.2966,1.0,1986837,3902726,13.2456,10825013,0,10825013,3211047,3211008,39,1825732
libquantum,spp_dev2__pf60_fill90,0.72212,1.4056,0.1879,0.8528,0.0391,0.1599,0.0822,1.0,0.48618,0.0822,1.0,3169368,3902726,21.1291,20467380,0,20467380,1681734,1681723,11,1591226
libquantum,spp_dev2__pf80_fill100,0.51911,1.0104,0.0,0.2026,0.039,0.0,0.0,,,0.0,,3902726,3902726,26.0182,5067940,0,5067940,0,0,0,0
libquantum,spp_dev2__pf80_fill90,0.58441,1.1375,0.1314,0.6841,0.0388,0.3711,0.167,1.0,0.55011,0.167,1.0,3389733,3902726,22.5982,8838895,0,8838895,1475739,1475729,9,1804470
libquantum,spp_dev2__spp_dev2_fill_threshold_100,0.51906,1.0103,0.0,0.2025,0.039,0.0,0.0,,,0.0,,3902726,3902726,26.0182,5067955,0,5067955,0,0,0,0
libquantum,spp_dev2__spp_dev2_fill_threshold_50,0.84658,1.6478,0.7684,0.9632,0.0389,0.4098,0.3479,1.0,0.15125,0.3479,1.0,903846,3902726,6.0256,12344334,0,12344334,4294090,4294018,71,765197
libquantum,spp_dev2__spp_dev2_fill_threshold_70,0.86342,1.6806,0.6999,0.9598,0.0391,0.1862,0.1488,1.0,0.2009,0.1488,1.0,1171054,3902726,7.807,27056178,0,27056178,4026300,4026261,39,1012245
libquantum,spp_dev2__spp_dev2_pf_threshold_20,0.81471,1.5858,0.2461,0.9097,0.0391,0.0506,0.029,1.0,0.42672,0.029,1.0,2942219,3902726,19.6148,61127752,0,61127752,1771936,1771924,11,1318928
libquantum,spp_dev2__spp_dev2_pf_threshold_60,0.72212,1.4056,0.1879,0.8528,0.0391,0.1599,0.0822,1.0,0.48618,0.0822,1.0,3169368,3902726,21.1291,20467380,0,20467380,1681734,1681723,11,1591226
libquantum,spp_dev2__spp_dev2_pf_threshold_80,0.58441,1.1375,0.1314,0.6841,0.0388,0.3711,0.167,1.0,0.55011,0.167,1.0,3389733,3902726,22.5982,8838895,0,8838895,1475739,1475729,9,1804470
libquantum,streamer,0.81705,1.5903,0.6496,0.9463,0.0,0.2057,0.1576,1.0,0.23359,0.1576,1.0,1367337,3902726,9.1156,24102115,0,24102115,3799495,3799484,10,1158018
libquantum,streamer_1MB,0.81587,1.6035,0.648,0.9463,0.0,0.2057,0.1574,1.0,0.2348,0.1574,1.0,1373636,3902726,9.1576,24102115,0,24102115,3793196,3793185,10,1163920
libquantum,streamer_2ch,0.96813,1.7274,0.6945,0.9462,0.0,0.2057,0.1649,1.0,0.19814,0.1649,1.0,1192158,3902726,7.9477,24102115,0,24102115,3974674,3974663,10,982164
libquantum,streamer_4MB,0.82267,1.5697,0.6541,0.9465,0.0,0.2057,0.1584,1.0,0.23016,0.1584,1.0,1349835,3902726,8.9989,24102115,0,24102115,3816997,3816986,10,1141187
libquantum,streamer__streamer_pref_degree_1,0.55003,1.0706,0.1855,0.7077,0.0,0.808,0.3857,1.0,0.52261,0.3857,1.0,3178847,3902726,21.1923,4983827,0,4983827,1922438,1922435,2,2104497
libquantum,streamer__streamer_pref_degree_16,0.91391,1.7789,0.8398,0.947,0.0,0.0709,0.0649,1.0,0.0843,0.0649,1.0,625023,3902726,4.1668,69936992,0,69936992,4541831,4541798,32,418109
libquantum,streamer__streamer_pref_degree_2,0.64516,1.2558,0.2896,0.9065,0.0,0.4864,0.2422,1.0,0.50205,0.2422,1.0,2772635,3902726,18.4842,9885952,0,9885952,2394190,2394185,4,2413869
libquantum,streamer__streamer_pref_degree_4,0.77025,1.4992,0.511,0.9481,0.0,0.2553,0.1676,1.0,0.34359,0.1676,1.0,1908252,3902726,12.7217,19445096,0,19445096,3258577,3258569,8,1705643
libquantum,stride,0.55019,1.0709,0.1793,0.6884,0.0,0.3778,0.1735,1.0,0.54075,0.1735,1.0,3203145,3902726,21.3543,10372022,0,10372022,1799823,1799812,10,2119235
libquantum,stride_1MB,0.54542,1.0719,0.1781,0.6881,0.0,0.3777,0.1731,1.0,0.54173,0.1731,1.0,3207812,3902726,21.3854,10372022,0,10372022,1795156,1795145,10,2122072
libquantum,stride_2ch,0.61592,1.099,0.188,0.6562,0.0,0.3662,0.1768,1.0,0.51714,0.1768,1.0,3169037,3902726,21.1269,10372022,0,10372022,1833931,1833920,10,1964098
libquantum,stride_4MB,0.56101,1.0704,0.1813,0.6891,0.0,0.3781,0.1743,1.0,0.5391,0.1743,1.0,3195287,3902726,21.3019,10372022,0,10372022,1807681,1807670,10,2114404
libquantum,stride_L1,0.55838,1.0868,0.9243,0.9227,0.0,,,0.0,,,0.0,295547,3902726,1.9703,0,0,0,4830304,0,4826784,0
libquantum,stride__stride_pref_degree_1,0.51376,1.0,0.0,0.0,0.0,0.0,0.0,,,0.0,,3902726,3902726,26.0182,5226862,0,5226862,0,0,0,0
libquantum,stride__stride_pref_degree_16,0.92286,1.7963,0.8301,0.9725,0.0,0.0691,0.0616,1.0,0.10901,0.0616,1.0,663237,3902726,4.4216,73825552,0,73825552,4544672,4544521,150,556018
libquantum,stride__stride_pref_degree_4,0.71311,1.388,0.3984,0.9666,0.0,0.2487,0.1397,1.0,0.43843,0.1397,1.0,2347756,3902726,15.6517,20417236,0,20417236,2851841,2851810,30,2226440
libquantum,stride__stride_pref_degree_8,0.88175,1.7163,0.8204,0.9708,0.0,0.1289,0.114,1.0,0.11527,0.114,1.0,700842,3902726,4.6723,39527240,0,39527240,4506987,4506916,70,587193
mcf,nopref,0.08243,,,,,,,,,,,14277073,,95.1805,0,0,0,0,0,0,0
mcf,bingo,0.06837,0.8294,0.0244,-0.0219,6.9255,0.0049,0.0049,0.2558,0.01223,0.0049,0.2558,13928306,14277073,92.8554,174000125,0,174000125,3307761,846143,2461175,10475
mcf,bingo_1MB,0.0569,0.7573,0.0259,-0.0691,8.4644,0.0052,0.0051,0.2617,0.01527,0.0051,0.2617,13906941,14277000,92.7129,174516393,0,174516393,3394486,888395,2505526,13779
mcf,bingo_2ch,0.08389,0.8958,0.0271,-0.011,6.8833,0.0052,0.0051,0.2641,0.0108,0.0051,0.2641,13890732,14277037,92.6049,171584009,0,171584009,3341611,882459,2458615,9633
mcf,bingo_4MB,0.08749,0.9899,0.0257,0.1665,4.1511,0.0052,0.0052,0.2629,0.00516,0.0052,0.2629,13909880,14277076,92.7325,173361682,0,173361682,3398190,893239,2504393,4635
mcf,bingo__bingo_l2c_thresh_0p5,0.06881,0.8348,0.0249,-0.0121,6.8943,0.0056,0.0055,0.22,0.01116,0.0055,0.22,13922223,14277073,92.8148,173019708,0,173019708,4327732,952226,3374914,10748
mcf,bingo__bingo_l2c_thresh_0p65,0.06897,0.8367,0.0278,-0.0084,6.9234,0.0054,0.0053,0.2595,0.01139,0.0053,0.2595,13879893,14277073,92.5326,173460713,0,173460713,3554834,922322,2632050,10623
mcf,bingo__bingo_l2c_thresh_0p95,0.06894,0.8363,0.026,-0.0083,6.9273,0.0053,0.0053,0.2642,0.01055,0.0053,0.2642,13905997,14277073,92.7066,173674233,0,173674233,3454965,912837,2541568,9733
mcf,bingo__bingo_pht_size_1024,0.07345,0.8911,0.0143,-0.0163,4.3058,0.0047,0.0047,0.1867,0.01118,0.0047,0.1867,14072941,14277073,93.8196,120782357,0,120782357,3016315,563236,2452743,6371
mcf,bingo__bingo_pht_size_2048,0.06975,0.8462,0.0278,-0.0119,6.4434,0.0054,0.0054,0.2816,0.00974,0.0054,0.2816,13880802,14277073,92.5387,156591922,0,156591922,2977809,838602,2138726,8245
mcf,bingo__bingo_pht_size_8192,0.06693,0.812,0.0307,-0.0244,7.8222,0.0053,0.0052,0.2692,0.01234,0.0052,0.2692,13839192,14277073,92.2613,185477006,0,185477006,3577733,963019,2614256,12034
mcf,ipcp,0.09334,1.1324,0.0502,0.2444,1.2839,0.0935,0.0934,0.1046,0.00116,0.0934,0.1046,13560808,14277073,90.4054,24141540,0,24141540,21567998,2255168,19311168,2623
mcf,ipcp_1MB,0.08116,1.0801,0.0231,0.2074,1.5061,0.0731,0.073,0.0855,0.00143,0.073,0.0855,13947674,14277000,92.9845,29932227,0,29932227,25554747,2183910,23368332,3126
mcf,ipcp_2ch,0.10125,1.0812,0.0699,0.2025,1.1891,0.1115,0.1114,0.1214,0.00078,0.1114,0.1214,13279357,14277037,88.529,20442567,0,20442567,18754472,2276986,16475687,1777
mcf,ipcp_4MB,0.10751,1.2165,0.0692,0.2946,0.918,0.1174,0.1173,0.1242,0.00118,0.1173,0.1242,13288521,14277076,88.5901,17678947,0,17678947,16686604,2073308,14611596,2457
mcf,ipcp_L1only,0.09254,1.1226,0.0939,0.1721,0.7008,,,0.1813,0.0,,0.1813,12936126,14277073,86.2408,0,0,0,11838189,2146424,9690234,0
mcf,ipcp_L2only,0.08243,1.0,-0.0,-0.0,0.0,0.0189,0.0189,0.0582,0.0,0.0189,0.0582,14277129,14277073,95.1809,1481,0,1481,481,28,453,0
mcf,spp_dev2,0.08085,0.9808,-0.0015,-0.0335,0.1083,0.0,0.0,0.0482,0.07071,0.0,0.0482,14298465,14277073,95.3231,2382275,0,2382275,1910,92,1818,7
mcf,spp_dev2_1MB,0.07428,0.9886,-0.0018,-0.0154,0.0997,0.0,0.0,0.0481,0.05376,0.0,0.0481,14302675,14277000,95.3512,2590207,0,2590207,1829,88,1741,5
mcf,spp_dev2_2ch,0.09171,0.9793,-0.0016,-0.0329,0.1089,0.0001,0.0,0.0565,0.0813,0.0,0.0565,14299339,14277037,95.3289,2424059,0,2424059,2001,113,1888,10
mcf,spp_dev2_4MB,0.08692,0.9835,-0.0017,-0.0497,0.1065,0.0,0.0,0.0619,0.04132,0.0,0.0619,14301238,14277076,95.3416,2521981,0,2521981,1875,116,1759,5
mcf,spp_dev2__pf20_fill100,0.08089,0.9813,-0.0026,-0.0396,0.3113,0.0,0.0,,,0.0,,14314141,14277073,95.4276,7248985,0,7248985,0,0,0,0
mcf,spp_dev2__pf20_fill50,0.0815,0.9887,-0.0055,-0.029,0.3703,0.0086,0.0083,0.0747,0.03105,0.0083,0.0747,14355470,14277073,95.7031,7953760,0,7953760,886803,66272,820529,2124
mcf,spp_dev2__pf20_fill70,0.08084,0.9807,-0.0038,-0.0391,0.3381,0.0009,0.0009,0.057,0.02845,0.0009,0.057,14331787,14277073,95.5452,8080345,0,8080345,124117,7069,117044,207
mcf,spp_dev2__pf20_fill90,0.08158,0.9897,-0.0035,-0.0252,0.3851,0.0,0.0,0.0586,0.03704,0.0,0.0586,14327466,14277073,95.5164,9675541,0,9675541,1774,104,1670,4
mcf,spp_dev2__pf40_fill100,0.08082,0.9805,-0.0015,-0.034,0.1072,0.0,0.0,,,0.0,,14298062,14277073,95.3204,2414957,0,2414957,0,0,0,0
mcf,spp_dev2__pf40_fill50,0.08087,0.9811,-0.0029,-0.0325,0.1101,0.0371,0.0361,0.0893,0.02735,0.0361,0.0893,14318467,14277073,95.4564,2178303,0,2178303,881375,78699,802666,2213
mcf,spp_dev2__pf40_fill70,0.08078,0.98,-0.0023,-0.0351,0.1086,0.003,0.0029,0.05,0.03157,0.0029,0.05,14309752,14277073,95.3983,2215394,0,2215394,128837,6442,122391,210
mcf,spp_dev2__pf40_fill90,0.08085,0.9808,-0.0015,-0.0335,0.1083,0.0,0.0,0.0482,0.07071,0.0,0.0482,14298465,14277073,95.3231,2382275,0,2382275,1910,92,1818,7
mcf,spp_dev2__pf60_fill100,0.08207,0.9956,-0.0007,-0.0109,0.0532,0.0,0.0,,,0.0,,14286807,14277073,95.2454,1087006,0,1087006,0,0,0,0
mcf,spp_dev2__pf60_fill70,0.08182,0.9926,-0.0015,-0.0127,0.0314,0.0108,0.0105,0.0495,0.03303,0.0105,0.0495,14297848,14277073,95.319,623874,0,623874,131940,6529,125407,223
mcf,spp_dev2__pf60_fill90,0.08186,0.9931,-0.0006,-0.0116,0.0296,0.0002,0.0002,0.0525,0.07273,0.0002,0.0525,14285536,14277073,95.2369,656352,0,656352,1942,102,1840,8
mcf,spp_dev2__pf80_fill100,0.08236,0.9992,-0.0001,-0.0015,0.0036,0.0,0.0,,,0.0,,14278073,14277073,95.1872,90709,0,90709,0,0,0,0
mcf,spp_dev2__pf80_fill90,0.08237,0.9993,-0.0001,-0.0014,0.0034,0.0021,0.0019,0.0569,0.06557,0.0019,0.0569,14278153,14277073,95.1877,58738,0,58738,2003,114,1889,8
mcf,spp_dev2__spp_dev2_fill_threshold_100,0.08082,0.9805,-0.0015,-0.034,0.1072,0.0,0.0,,,0.0,,14298062,14277073,95.3204,2414957,0,2414957,0,0,0,0
mcf,spp_dev2__spp_dev2_fill_threshold_50,0.08087,0.9811,-0.0029,-0.0325,0.1101,0.0371,0.0361,0.0893,0.02735,0.0361,0.0893,14318467,14277073,95.4564,2178303,0,2178303,881375,78699,802666,2213
mcf,spp_dev2__spp_dev2_fill_threshold_70,0.08078,0.98,-0.0023,-0.0351,0.1086,0.003,0.0029,0.05,0.03157,0.0029,0.05,14309752,14277073,95.3983,2215394,0,2215394,128837,6442,122391,210
mcf,spp_dev2__spp_dev2_pf_threshold_20,0.08158,0.9897,-0.0035,-0.0252,0.3851,0.0,0.0,0.0586,0.03704,0.0,0.0586,14327466,14277073,95.5164,9675541,0,9675541,1774,104,1670,4
mcf,spp_dev2__spp_dev2_pf_threshold_60,0.08186,0.9931,-0.0006,-0.0116,0.0296,0.0002,0.0002,0.0525,0.07273,0.0002,0.0525,14285536,14277073,95.2369,656352,0,656352,1942,102,1840,8
mcf,spp_dev2__spp_dev2_pf_threshold_80,0.08237,0.9993,-0.0001,-0.0014,0.0034,0.0021,0.0019,0.0569,0.06557,0.0019,0.0569,14278153,14277073,95.1877,58738,0,58738,2003,114,1889,8
mcf,streamer,0.08179,0.9922,0.0206,-0.0007,0.1616,0.0948,0.0938,0.1876,0.01031,0.0938,0.1876,13982966,14277073,93.2198,5020644,223,5020421,2510701,470889,2039688,4904
mcf,streamer_1MB,0.07533,1.0025,0.0207,0.0188,0.1393,0.0948,0.0939,0.1878,0.00875,0.0939,0.1878,13981994,14277000,93.2133,5020859,223,5020636,2511918,471654,2040140,4164
mcf,streamer_2ch,0.09282,0.9911,0.0206,-0.0008,0.1617,0.0948,0.0938,0.1876,0.00965,0.0938,0.1876,13982616,14277037,93.2174,5020929,223,5020706,2511271,471193,2039954,4590
mcf,streamer_4MB,0.08811,0.9969,0.0204,-0.0008,0.1199,0.0947,0.0934,0.187,0.01442,0.0934,0.187,13985554,14277076,93.237,5017595,223,5017372,2505956,468515,2037317,6855
mcf,streamer__streamer_pref_degree_1,0.08224,0.9977,0.0063,-0.0026,0.0387,0.1269,0.1242,0.2204,0.02137,0.1242,0.2204,14187492,14277073,94.5833,1072087,0,1072087,603956,133119,470809,2907
mcf,streamer__streamer_pref_degree_16,0.08194,0.9941,0.0339,0.0193,0.3159,0.0656,0.065,0.1537,0.00941,0.065,0.1537,13793535,14277073,91.9569,13228307,155222,13073085,5527793,849491,4678047,8072
mcf,streamer__streamer_pref_degree_2,0.08203,0.9951,0.0112,-0.0021,0.0741,0.1167,0.1152,0.2117,0.01325,0.1152,0.2117,14116746,14277073,94.1116,2108561,0,2108561,1147108,242802,904249,3261
mcf,streamer__streamer_pref_degree_4,0.08185,0.993,0.0178,-0.0023,0.1353,0.0998,0.0986,0.1921,0.01175,0.0986,0.1921,14023104,14277073,93.4874,4082966,8,4082958,2094935,402508,1692322,4786
mcf,stride,0.08243,1.0,0.0001,0.0002,0.0007,0.0294,0.0286,0.3035,0.02684,0.0286,0.3035,14274978,14277073,95.1665,92441,0,92441,8723,2647,6076,73
mcf,stride_1MB,0.07515,1.0001,0.0002,0.0003,0.0005,0.0297,0.0294,0.3086,0.01128,0.0294,0.3086,14274837,14277000,95.1656,92565,0,92565,8804,2717,6087,31
mcf,stride_2ch,0.09366,1.0001,0.0001,0.0002,0.0007,0.0296,0.0288,0.3044,0.02487,0.0288,0.3044,14274922,14277037,95.1661,92501,0,92501,8758,2666,6092,68
mcf,stride_4MB,0.08838,1.0,0.0001,0.0003,0.0007,0.029,0.0271,0.2927,0.06833,0.0271,0.2927,14275132,14277076,95.1675,92200,0,92200,8525,2495,6030,183
mcf,stride_L1,0.08243,1.0,0.0002,0.0001,0.0009,,,0.0466,0.0,,0.0466,14274711,14277073,95.1647,0,0,0,14257,664,13591,0
mcf,stride__stride_pref_degree_1,0.08243,1.0,0.0,0.0,0.0,0.0,0.0,,,0.0,,14277073,14277073,95.1805,76845,0,76845,0,0,0,0
mcf,stride__stride_pref_degree_16,0.08243,1.0,0.0006,0.0008,0.0053,0.0648,0.0643,0.1857,0.00886,0.0643,0.1857,14268730,14277073,95.1249,168927,0,168927,58450,10857,47593,97
mcf,stride__stride_pref_degree_4,0.08244,1.0001,0.0003,0.0005,0.0016,0.0522,0.0513,0.2753,0.01818,0.0513,0.2753,14272689,14277073,95.1513,113687,0,113687,21183,5831,15352,108
mcf,stride__stride_pref_degree_8,0.08244,1.0001,0.0005,0.0007,0.0031,0.0648,0.0641,0.2343,0.01119,0.0641,0.2343,14270297,14277073,95.1353,136514,0,136514,37329,8746,28583,99
milc,nopref,0.41879,,,,,,,,,,,2726470,,18.1765,0,0,0,0,0,0,0
milc,bingo,0.63337,1.5124,0.3647,0.5632,0.0013,0.7378,0.5693,0.999,0.2284,0.5693,0.999,1732167,2726470,11.5478,2599647,0,2599647,1481569,1480032,1508,438106
milc,bingo_1MB,0.63109,1.5139,0.3645,0.5635,0.0022,0.7378,0.5692,0.999,0.22858,0.5692,0.999,1732569,2726470,11.5505,2599658,0,2599658,1481178,1479641,1508,438429
milc,bingo_2ch,0.70887,1.616,0.3645,0.5544,0.0014,0.7296,0.5691,0.999,0.21996,0.5691,0.999,1732588,2726470,11.5506,2600023,0,2600023,1481148,1479611,1508,417236
milc,bingo_4MB,0.63689,1.4876,0.365,0.5567,-0.0002,0.7378,0.5696,0.999,0.22792,0.5696,0.999,1731183,2726470,11.5412,2599700,0,2599700,1482426,1480889,1508,437155
milc,bingo__bingo_l2c_thresh_0p5,0.63538,1.5172,0.367,0.5636,0.0007,0.7404,0.5718,0.999,0.22774,0.5718,0.999,1725744,2726470,11.505,2599719,0,2599719,1488003,1486455,1519,438357
milc,bingo__bingo_l2c_thresh_0p65,0.63388,1.5136,0.3654,0.5633,0.0011,0.7386,0.5701,0.999,0.22818,0.5701,0.999,1730126,2726470,11.5342,2599689,0,2599689,1483613,1482073,1511,438162
milc,bingo__bingo_l2c_thresh_0p95,0.63198,1.5091,0.3562,0.5624,0.0028,0.7286,0.5601,0.999,0.23127,0.5601,0.999,1755405,2726470,11.7027,2599652,0,2599652,1457647,1456122,1496,438059
milc,bingo__bingo_pht_size_1024,0.63165,1.5083,0.3631,0.5614,0.0012,0.7375,0.5687,0.9991,0.22888,0.5687,0.9991,1736537,2726470,11.5769,2595010,0,2595010,1476964,1475685,1250,438016
milc,bingo__bingo_pht_size_2048,0.63338,1.5124,0.3647,0.5631,0.0014,0.7378,0.5693,0.999,0.2284,0.5693,0.999,1732184,2726470,11.5479,2599692,0,2599692,1481586,1480043,1514,438093
milc,bingo__bingo_pht_size_8192,0.63337,1.5124,0.3647,0.5631,0.0014,0.7378,0.5693,0.999,0.2284,0.5693,0.999,1732175,2726470,11.5478,2599706,0,2599706,1481597,1480052,1516,438103
milc,ipcp,0.71149,1.6989,0.6697,0.746,0.4448,0.0003,0.0002,0.0002,0.44161,0.0002,0.0002,900616,2726470,6.0041,3820436,0,3820436,3829075,679,3824484,537
milc,ipcp_1MB,0.71272,1.7098,0.6702,0.7471,0.4435,0.0003,0.0002,0.0002,0.40609,0.0002,0.0002,899170,2726470,5.9945,3828400,0,3828400,3829982,702,3825368,480
milc,ipcp_2ch,0.77823,1.7741,0.6704,0.7469,0.45,0.0004,0.0002,0.0002,0.4871,0.0002,0.0002,898668,2726470,5.9911,3831120,0,3831120,3843265,795,3838558,755
milc,ipcp_4MB,0.70959,1.6575,0.6692,0.7413,0.4534,0.0003,0.0002,0.0002,0.42846,0.0002,0.0002,901802,2726470,6.012,3822876,0,3822876,3829115,711,3824492,533
milc,ipcp_L1only,0.69725,1.6649,0.6687,0.7447,0.1867,,,0.0,,,0.0,903199,2726470,6.0213,0,0,0,3076674,0,3072762,0
milc,ipcp_L2only,0.41878,1.0,0.0,0.0,0.0,0.3387,0.2742,0.3953,0.19048,0.2742,0.3953,2726460,2726470,18.1764,124,0,124,86,34,52,8
milc,spp_dev2,0.65964,1.5751,0.186,0.6549,0.1594,0.117,0.0796,0.8196,0.31917,0.0796,0.8196,2219434,2726470,14.7962,8852733,0,8852733,860302,705102,155200,330546
milc,spp_dev2_1MB,0.66262,1.5896,0.1871,0.6574,0.1665,0.1143,0.0785,0.8374,0.31356,0.0785,0.8374,2216437,2726470,14.7762,9023171,0,9023171,845621,708099,137522,323452
milc,spp_dev2_2ch,0.70268,1.6019,0.1905,0.6564,0.1618,0.1157,0.0805,0.8258,0.30419,0.0805,0.8258,2207060,2726470,14.7137,8914098,0,8914098,868821,717476,151345,313668
milc,spp_dev2_4MB,0.6575,1.5358,0.1856,0.6471,0.1893,0.1161,0.0794,0.8216,0.31635,0.0794,0.8216,2220457,2726470,14.803,8867278,0,8867278,856987,704079,152908,325808
milc,spp_dev2__pf20_fill100,0.56396,1.3466,0.0,0.3948,0.0725,0.0,0.0,,,0.0,,2726470,2726470,18.1765,3168844,0,3168844,0,0,0,0
milc,spp_dev2__pf20_fill50,0.72465,1.7303,0.5113,0.7349,0.1714,0.2682,0.2327,0.8945,0.13233,0.2327,0.8945,1332536,2726470,8.8836,8757635,0,8757635,2278385,2037951,240355,310806
milc,spp_dev2__pf20_fill70,0.72514,1.7315,0.4371,0.7334,0.1692,0.1664,0.1391,0.903,0.16405,0.1391,0.903,1534806,2726470,10.232,12564116,0,12564116,1935101,1747424,187615,342933
milc,spp_dev2__pf20_fill90,0.7022,1.6767,0.2147,0.7207,0.1859,0.0759,0.057,0.9719,0.24854,0.057,0.9719,2141197,2726470,14.2746,16162586,96,16162490,948608,921965,26622,304936
milc,spp_dev2__pf40_fill100,0.56226,1.3426,0.0,0.3951,0.0607,0.0,0.0,,,0.0,,2726470,2726470,18.1765,3005621,0,3005621,0,0,0,0
milc,spp_dev2__pf40_fill50,0.66211,1.581,0.4507,0.6798,0.1135,0.4702,0.3796,0.8302,0.19253,0.3796,0.8302,1497594,2726470,9.984,4640184,0,4640184,2121884,1761618,360205,420040
milc,spp_dev2__pf40_fill70,0.63824,1.524,0.2976,0.6543,0.1433,0.2556,0.1898,0.8063,0.2573,0.1898,0.8063,1915026,2726470,12.7668,6656659,0,6656659,1567375,1263736,303582,437818
milc,spp_dev2__pf40_fill90,0.65964,1.5751,0.186,0.6549,0.1594,0.117,0.0796,0.8196,0.31917,0.0796,0.8196,2219434,2726470,14.7962,8852733,0,8852733,860302,705102,155200,330546
milc,spp_dev2__pf60_fill100,0.56244,1.343,0.0,0.3956,0.0446,0.0,0.0,,,0.0,,2726470,2726470,18.1765,2925522,0,2925522,0,0,0,0
milc,spp_dev2__pf60_fill70,0.60684,1.449,0.2947,0.6136,0.1017,0.4085,0.3059,0.8847,0.25128,0.3059,0.8847,1923099,2726470,12.8207,4369365,0,4369365,1510551,1336428,174064,448526
milc,spp_dev2__pf60_fill90,0.62659,1.4962,0.1573,0.6018,0.0962,0.1675,0.1221,0.9507,0.27099,0.1221,0.9507,2297533,2726470,15.3169,6398902,0,6398902,822014,781496,40518,290495
milc,spp_dev2__pf80_fill100,0.49352,1.1784,0.0,0.2811,-0.0038,0.0,0.0,,,0.0,,2726470,2726470,18.1765,2428740,0,2428740,0,0,0,0
milc,spp_dev2__pf80_fill90,0.51679,1.234,0.1672,0.4559,-0.0024,0.3462,0.2303,0.9999,0.33477,0.2303,0.9999,2270491,2726470,15.1366,3525559,0,3525559,812105,812017,88,408647
milc,spp_dev2__spp_dev2_fill_threshold_100,0.56226,1.3426,0.0,0.3951,0.0607,0.0,0.0,,,0.0,,2726470,2726470,18.1765,3005621,0,3005621,0,0,0,0
milc,spp_dev2__spp_dev2_fill_threshold_50,0.66211,1.581,0.4507,0.6798,0.1135,0.4702,0.3796,0.8302,0.19253,0.3796,0.8302,1497594,2726470,9.984,4640184,0,4640184,2121884,1761618,360205,420040
milc,spp_dev2__spp_dev2_fill_threshold_70,0.63824,1.524,0.2976,0.6543,0.1433,0.2556,0.1898,0.8063,0.2573,0.1898,0.8063,1915026,2726470,12.7668,6656659,0,6656659,1567375,1263736,303582,437818
milc,spp_dev2__spp_dev2_pf_threshold_20,0.7022,1.6767,0.2147,0.7207,0.1859,0.0759,0.057,0.9719,0.24854,0.057,0.9719,2141197,2726470,14.2746,16162586,96,16162490,948608,921965,26622,304936
milc,spp_dev2__spp_dev2_pf_threshold_60,0.62659,1.4962,0.1573,0.6018,0.0962,0.1675,0.1221,0.9507,0.27099,0.1221,0.9507,2297533,2726470,15.3169,6398902,0,6398902,822014,781496,40518,290495
milc,spp_dev2__spp_dev2_pf_threshold_80,0.51679,1.234,0.1672,0.4559,-0.0024,0.3462,0.2303,0.9999,0.33477,0.2303,0.9999,2270491,2726470,15.1366,3525559,0,3525559,812105,812017,88,408647
milc,streamer,0.59014,1.4092,0.3171,0.4305,1.0769,0.1283,0.1102,0.2678,0.14098,0.1102,0.2678,1861943,2726470,12.413,11435483,0,11435483,4707454,1260536,3445998,206870
milc,streamer_1MB,0.59075,1.4172,0.3171,0.4319,1.0742,0.1283,0.1102,0.2678,0.14103,0.1102,0.2678,1861781,2726470,12.4119,11436468,0,11436468,4707616,1260698,3445998,206984
milc,streamer_2ch,0.65883,1.5019,0.3326,0.4299,1.0769,0.128,0.1138,0.2743,0.1111,0.1138,0.2743,1819565,2726470,12.1304,11447845,0,11447845,4749832,1302914,3445998,162851
milc,streamer_4MB,0.59068,1.3797,0.3174,0.4218,1.097,0.1283,0.1103,0.2679,0.14055,0.1103,0.2679,1861208,2726470,12.4081,11437231,0,11437231,4708189,1261271,3445998,206269
milc,streamer__streamer_pref_degree_1,0.54788,1.3082,0.2585,0.4155,0.2154,0.6178,0.4735,0.614,0.23351,0.4735,0.614,2021604,2726470,13.4774,2315950,0,2315950,1786078,1096691,689203,334111
milc,streamer__streamer_pref_degree_16,0.54108,1.292,0.324,0.4334,3.3096,0.0427,0.0371,0.1064,0.13131,0.0371,0.1064,1842975,2726470,12.2865,34968554,707069,34261485,11947209,1271603,10673038,192212
milc,streamer__streamer_pref_degree_2,0.5791,1.3828,0.2972,0.4297,0.4308,0.3186,0.262,0.4674,0.17783,0.262,0.4674,1916248,2726470,12.775,4618487,0,4618487,2588655,1209882,1378405,261683
milc,streamer__streamer_pref_degree_4,0.58842,1.405,0.3147,0.4307,0.8616,0.1599,0.1366,0.3127,0.14567,0.1366,0.3127,1868473,2726470,12.4565,9183017,0,9183017,4012064,1254526,2756802,213901
milc,stride,0.59659,1.4246,0.4298,0.5599,0.0011,0.4046,0.3632,0.9984,0.10227,0.3632,0.9984,1554686,2726470,10.3646,4837180,0,4837180,1759619,1756887,2732,200155
milc,stride_1MB,0.59587,1.4295,0.4298,0.56,0.0011,0.4045,0.3635,0.9984,0.10136,0.3635,0.9984,1554592,2726470,10.3639,4833876,0,4833876,1759713,1756981,2732,198184
milc,stride_2ch,0.66398,1.5137,0.4388,0.5564,0.0011,0.4043,0.3696,0.9985,0.08583,0.3696,0.9985,1530133,2726470,10.2009,4819474,0,4819474,1784172,1781440,2732,167265
milc,stride_4MB,0.5985,1.398,0.4293,0.5539,0.0012,0.4046,0.3629,0.9984,0.10295,0.3629,0.9984,1556059,2726470,10.3737,4836923,0,4836923,1758246,1755514,2732,201461
milc,stride_L1,0.58403,1.3946,0.4276,0.4754,0.0492,,,0.0,,,0.0,1560623,2726470,10.4042,0,0,0,1767338,0,1763498,0
milc,stride__stride_pref_degree_1,0.41879,1.0,0.0,0.0,0.0,0.0,0.0,,,0.0,,2726470,2726470,18.1765,2871474,0,2871474,0,0,0,0
milc,stride__stride_pref_degree_16,0.66206,1.5809,0.4956,0.5757,0.0161,0.1186,0.115,0.9799,0.02978,0.115,0.9799,1375254,2726470,9.1684,17064603,231262,16833341,1976045,1936319,39726,59428
milc,stride__stride_pref_degree_4,0.6298,1.5039,0.4658,0.5723,0.0033,0.2855,0.2665,0.9956,0.06653,0.2665,0.9956,1456411,2726470,9.7094,6961772,0,6961772,1863329,1855162,8167,132227
milc,stride__stride_pref_degree_8,0.65011,1.5524,0.49,0.5757,0.0077,0.1841,0.1772,0.9903,0.03747,0.1772,0.9903,1390536,2726470,9.2702,10842900,0,10842900,1939913,1921037,18876,74779
omnetpp,nopref,0.25013,,,,,,,,,,,3291063,,21.9404,0,0,0,0,0,0,0
omnetpp,bingo,0.29379,1.1745,0.2107,0.4438,1.0927,0.1676,0.1584,0.7136,0.0549,0.1584,0.7136,2597532,3291063,17.3169,5993764,0,5993764,1329974,949134,380323,55132
omnetpp,bingo_1MB,0.2835,1.1736,0.2099,0.4295,1.0785,0.1676,0.1579,0.713,0.05757,0.1579,0.713,2600263,3291086,17.3351,5992809,0,5992809,1327459,946485,380444,57815
omnetpp,bingo_2ch,0.29734,1.1821,0.2136,0.4517,1.0932,0.1675,0.1599,0.716,0.04527,0.1599,0.716,2587992,3291060,17.2533,5993594,0,5993594,1338973,958673,379783,45459
omnetpp,bingo_4MB,0.30528,1.1742,0.2119,0.4665,1.0756,0.1675,0.159,0.7146,0.05095,0.159,0.7146,2593678,3291067,17.2912,5994551,0,5994551,1333715,953020,380151,51162
omnetpp,bingo__bingo_l2c_thresh_0p5,0.29831,1.1926,0.3033,0.4733,1.0808,0.2475,0.2316,0.5511,0.0642,0.2316,0.5511,2292877,3291063,15.2858,6023341,0,6023341,2531872,1395304,1135135,95726
omnetpp,bingo__bingo_l2c_thresh_0p65,0.29574,1.1823,0.2537,0.4552,1.0869,0.2035,0.192,0.6451,0.05679,0.192,0.6451,2456071,3291063,16.3738,6000905,0,6000905,1785623,1151921,632810,69355
omnetpp,bingo__bingo_l2c_thresh_0p95,0.29267,1.1701,0.1848,0.438,1.0956,0.1471,0.1386,0.7284,0.05754,0.1386,0.7284,2682943,3291063,17.8863,5987303,0,5987303,1139342,829854,309116,50668
omnetpp,bingo__bingo_pht_size_1024,0.28962,1.1579,0.2142,0.4068,0.7243,0.2282,0.2161,0.7005,0.05313,0.2161,0.7005,2586055,3291063,17.2404,4475420,0,4475420,1380558,967057,412960,54266
omnetpp,bingo__bingo_pht_size_2048,0.29236,1.1688,0.2115,0.4304,0.9008,0.195,0.1845,0.7109,0.05375,0.1845,0.7109,2594901,3291063,17.2993,5193797,0,5193797,1347837,958158,389057,54422
omnetpp,bingo__bingo_pht_size_8192,0.29611,1.1838,0.213,0.4628,1.3275,0.146,0.1379,0.7175,0.05532,0.1379,0.7175,2590228,3291063,17.2682,6947203,0,6947203,1335710,958360,376938,56119
omnetpp,ipcp,0.27742,1.1091,0.3135,0.3367,1.4782,0.0975,0.0782,0.0827,0.19789,0.0782,0.0827,2259408,3291063,15.0627,5717403,0,5717403,5402597,446941,4953090,110264
omnetpp,ipcp_1MB,0.26945,1.1155,0.3129,0.3439,1.4408,0.0974,0.0776,0.0821,0.20295,0.0776,0.0821,2261304,3291086,15.0754,5710124,0,5710124,5396916,443355,4950990,112893
omnetpp,ipcp_2ch,0.28013,1.1137,0.3161,0.3367,1.4802,0.0968,0.079,0.0835,0.18433,0.079,0.0835,2250739,3291060,15.0049,5722560,0,5722560,5415104,452046,4960498,102154
omnetpp,ipcp_4MB,0.28667,1.1026,0.3141,0.3412,1.4826,0.0975,0.0788,0.0834,0.19212,0.0788,0.0834,2257270,3291067,15.0485,5724242,0,5724242,5407601,451089,4953945,107274
omnetpp,ipcp_L1only,0.26806,1.0717,0.2251,0.2104,0.9948,,,0.0282,0.0,,0.0282,2550139,3291063,17.0009,0,0,0,3792113,106945,3682971,0
omnetpp,ipcp_L2only,0.25016,1.0001,0.0007,0.0006,0.0015,0.1495,0.1421,0.3244,0.04891,0.1421,0.3244,3288811,3291063,21.9254,27225,0,27225,11931,3870,8058,199
omnetpp,spp_dev2,0.26457,1.0577,0.0197,0.171,0.1965,0.0498,0.0402,0.8921,0.19191,0.0402,0.8921,3226240,3291063,21.5083,2538056,0,2538056,114391,102043,12341,24233
omnetpp,spp_dev2_1MB,0.25363,1.05,0.0197,0.1496,0.2149,0.0494,0.0399,0.8899,0.19352,0.0399,0.8899,3226282,3291086,21.5085,2555710,0,2555710,114466,101863,12599,24442
omnetpp,spp_dev2_2ch,0.26618,1.0582,0.0197,0.1738,0.1972,0.0492,0.0398,0.8926,0.19022,0.0398,0.8926,3226149,3291060,21.5077,2564860,0,2564860,114458,102168,12285,24000
omnetpp,spp_dev2_4MB,0.27708,1.0657,0.0201,0.2035,0.174,0.0491,0.0399,0.8915,0.18743,0.0399,0.8915,3225067,3291067,21.5004,2585637,0,2585637,115833,103260,12563,23818
omnetpp,spp_dev2__pf20_fill100,0.2685,1.0734,0.0008,0.1834,0.4711,0.0,0.0,,,0.0,,3288325,3291063,21.9222,4216588,0,4216588,0,0,0,0
omnetpp,spp_dev2__pf20_fill50,0.27435,1.0968,0.112,0.2742,0.4959,0.1401,0.1148,0.6432,0.18055,0.1148,0.6432,2922613,3291063,19.4841,4877801,0,4877801,870879,560177,310416,123424
omnetpp,spp_dev2__pf20_fill70,0.27412,1.0959,0.0675,0.2628,0.5412,0.0715,0.0599,0.783,0.1632,0.0599,0.783,3068933,3291063,20.4596,5626428,0,5626428,430139,336791,93289,65686
omnetpp,spp_dev2__pf20_fill90,0.2742,1.0962,0.0203,0.2596,0.5843,0.0198,0.0161,0.8915,0.18836,0.0161,0.8915,3224328,3291063,21.4955,6303103,0,6303103,113880,101522,12355,23560
omnetpp,spp_dev2__pf40_fill100,0.26202,1.0475,0.0003,0.1262,0.1693,0.0,0.0,,,0.0,,3289934,3291063,21.9329,1967983,0,1967983,0,0,0,0
omnetpp,spp_dev2__pf40_fill50,0.26623,1.0644,0.1107,0.2093,0.1606,0.3377,0.2748,0.647,0.18634,0.2748,0.647,2926818,3291063,19.5121,2016652,0,2016652,856422,554115,302026,126901
omnetpp,spp_dev2__pf40_fill70,0.2651,1.0598,0.0659,0.1829,0.1831,0.172,0.1426,0.7825,0.17102,0.1426,0.7825,3074042,3291063,20.4936,2334079,0,2334079,425295,332802,92418,68656
omnetpp,spp_dev2__pf40_fill90,0.26457,1.0577,0.0197,0.171,0.1965,0.0498,0.0402,0.8921,0.19191,0.0402,0.8921,3226240,3291063,21.5083,2538056,0,2538056,114391,102043,12341,24233
omnetpp,spp_dev2__pf60_fill100,0.25724,1.0284,0.0002,0.0817,0.0705,0.0,0.0,,,0.0,,3290507,3291063,21.9367,1078608,0,1078608,0,0,0,0
omnetpp,spp_dev2__pf60_fill70,0.25914,1.036,0.0639,0.1319,0.0631,0.357,0.2894,0.7754,0.1894,0.2894,0.7754,3080753,3291063,20.5384,1124117,0,1124117,419536,325327,94133,76012
omnetpp,spp_dev2__pf60_fill90,0.25827,1.0325,0.0196,0.1095,0.0714,0.1027,0.0827,0.8903,0.19456,0.0827,0.8903,3226591,3291063,21.5106,1232602,0,1232602,114523,101955,12563,24628
omnetpp,spp_dev2__pf80_fill100,0.25344,1.0132,0.0001,0.0454,0.0191,0.0,0.0,,,0.0,,3290895,3291063,21.9393,480543,0,480543,0,0,0,0
omnetpp,spp_dev2__pf80_fill90,0.25363,1.014,0.0181,0.0596,0.0191,0.2616,0.2022,0.881,0.22721,0.2022,0.881,3231489,3291063,21.5433,475630,0,475630,109136,96154,12975,28270
omnetpp,spp_dev2__spp_dev2_fill_threshold_100,0.26202,1.0475,0.0003,0.1262,0.1693,0.0,0.0,,,0.0,,3289934,3291063,21.9329,1967983,0,1967983,0,0,0,0
omnetpp,spp_dev2__spp_dev2_fill_threshold_50,0.26623,1.0644,0.1107,0.2093,0.1606,0.3377,0.2748,0.647,0.18634,0.2748,0.647,2926818,3291063,19.5121,2016652,0,2016652,856422,554115,302026,126901
omnetpp,spp_dev2__spp_dev2_fill_threshold_70,0.2651,1.0598,0.0659,0.1829,0.1831,0.172,0.1426,0.7825,0.17102,0.1426,0.7825,3074042,3291063,20.4936,2334079,0,2334079,425295,332802,92418,68656
omnetpp,spp_dev2__spp_dev2_pf_threshold_20,0.2742,1.0962,0.0203,0.2596,0.5843,0.0198,0.0161,0.8915,0.18836,0.0161,0.8915,3224328,3291063,21.4955,6303103,0,6303103,113880,101522,12355,23560
omnetpp,spp_dev2__spp_dev2_pf_threshold_60,0.25827,1.0325,0.0196,0.1095,0.0714,0.1027,0.0827,0.8903,0.19456,0.0827,0.8903,3226591,3291063,21.5106,1232602,0,1232602,114523,101955,12563,24628
omnetpp,spp_dev2__spp_dev2_pf_threshold_80,0.25363,1.014,0.0181,0.0596,0.0191,0.2616,0.2022,0.881,0.22721,0.2022,0.881,3231489,3291063,21.5433,475630,0,475630,109136,96154,12975,28270
omnetpp,streamer,0.27149,1.0854,0.1479,0.2286,0.6375,0.154,0.1358,0.2815,0.11837,0.1358,0.2815,2804441,3291063,18.6963,5449232,0,5449232,2628141,739894,1887008,99336
omnetpp,streamer_1MB,0.26318,1.0895,0.1478,0.2263,0.5935,0.1542,0.1355,0.2814,0.12102,0.1355,0.2814,2804807,3291086,18.6987,5455315,0,5455315,2627657,739444,1886976,101811
omnetpp,streamer_2ch,0.27316,1.086,0.1502,0.231,0.6396,0.1539,0.1363,0.2832,0.1142,0.1363,0.2832,2796651,3291060,18.6443,5485491,0,5485491,2640464,747737,1891489,96399
omnetpp,streamer_4MB,0.28069,1.0796,0.1477,0.2321,0.7025,0.1539,0.1358,0.2814,0.11757,0.1358,0.2814,2805048,3291067,18.7003,5444858,0,5444858,2627689,739507,1886944,98524
omnetpp,streamer__streamer_pref_degree_1,0.25891,1.0351,0.0667,0.101,0.1435,0.3431,0.2907,0.4389,0.15275,0.2907,0.4389,3071688,3291063,20.4779,1137265,0,1137265,753237,330585,422294,59599
omnetpp,streamer__streamer_pref_degree_16,0.27142,1.0851,0.1702,0.2458,1.6892,0.0615,0.0574,0.1513,0.06699,0.0574,0.1513,2730813,3291063,18.2054,15564218,13209,15551009,5901923,893004,5006853,64122
omnetpp,streamer__streamer_pref_degree_2,0.26467,1.0581,0.103,0.1686,0.2751,0.2719,0.2255,0.3838,0.17056,0.2255,0.3838,2952058,3291063,19.6804,2250580,0,2250580,1322200,507510,814047,104359
omnetpp,streamer__streamer_pref_degree_4,0.27036,1.0809,0.1424,0.2164,0.5187,0.1808,0.1598,0.3153,0.11621,0.1598,0.3153,2822560,3291063,18.8171,4403951,0,4403951,2231466,703584,1526817,92514
omnetpp,stride,0.25168,1.0062,0.0086,0.012,0.0092,0.2101,0.2098,0.5555,0.00146,0.2098,0.5555,3262838,3291063,21.7523,178841,0,178841,67532,37515,29982,55
omnetpp,stride_1MB,0.24303,1.0061,0.0086,0.0109,0.0096,0.2096,0.2093,0.555,0.00152,0.2093,0.555,3262856,3291086,21.7524,179220,0,179220,67577,37508,30033,57
omnetpp,stride_2ch,0.25316,1.0065,0.0086,0.0121,0.0091,0.2092,0.209,0.5552,0.00117,0.209,0.5552,3262852,3291060,21.7523,179420,0,179420,67534,37495,30002,44
omnetpp,stride_4MB,0.26154,1.0059,0.0086,0.0121,0.0101,0.2103,0.21,0.5565,0.00152,0.21,0.5565,3262838,3291067,21.7523,178637,0,178637,67420,37516,29868,57
omnetpp,stride_L1,0.25177,1.0066,0.0109,0.0119,0.0138,,,0.0404,0.0,,0.0404,3255197,3291063,21.7013,0,0,0,78984,3193,75738,0
omnetpp,stride__stride_pref_degree_1,0.25013,1.0,0.0,0.0,0.0,0.0,0.0,,,0.0,,3291063,3291063,21.9404,108589,0,108589,0,0,0,0
omnetpp,stride__stride_pref_degree_16,0.25258,1.0098,0.0127,0.0181,0.0787,0.0886,0.0886,0.1993,0.00078,0.0886,0.1993,3249182,3291063,21.6612,727776,0,727776,323427,64463,258730,50
omnetpp,stride__stride_pref_degree_4,0.25205,1.0077,0.0088,0.0137,0.0261,0.1374,0.1372,0.3234,0.0013,0.1372,0.3234,3261989,3291063,21.7466,296019,0,296019,125624,40623,84908,53
omnetpp,stride__stride_pref_degree_8,0.25219,1.0082,0.0089,0.0141,0.054,0.0945,0.0944,0.2028,0.00103,0.0944,0.2028,3261728,3291063,21.7449,472807,0,472807,220169,44650,175337,46
sjeng,nopref,0.52474,,,,,,,,,,,62299,,0.4153,0,0,0,0,0,0,0
sjeng,bingo,0.5253,1.0011,0.0187,0.0191,1.2077,0.0326,0.0325,0.1028,0.00382,0.0325,0.1028,61131,62299,0.4075,96439,0,96439,30454,3132,26509,12
sjeng,bingo_1MB,0.52487,1.0016,0.0187,0.0183,1.226,0.0326,0.0324,0.1027,0.00509,0.0324,0.1027,61135,62299,0.4076,96439,0,96439,30450,3128,26509,16
sjeng,bingo_2ch,0.52533,1.0011,0.0187,0.019,1.2078,0.0326,0.0325,0.1028,0.00382,0.0325,0.1028,61131,62299,0.4075,96439,0,96439,30454,3132,26509,12
sjeng,bingo_4MB,0.52582,1.0008,0.0188,0.0282,1.1509,0.0326,0.0325,0.1029,0.0035,0.0325,0.1029,61130,62299,0.4075,96439,0,96439,30455,3133,26509,11
sjeng,bingo__bingo_l2c_thresh_0p5,0.52531,1.0011,0.0179,0.0197,1.2033,0.0421,0.0419,0.0874,0.00521,0.0419,0.0874,61182,62299,0.4079,104776,0,104776,50235,4389,44574,23
sjeng,bingo__bingo_l2c_thresh_0p65,0.52532,1.0011,0.022,0.0198,1.2029,0.036,0.0359,0.1045,0.00341,0.0359,0.1045,60929,62299,0.4062,97836,0,97836,33588,3510,29146,12
sjeng,bingo__bingo_l2c_thresh_0p95,0.52527,1.001,0.0164,0.0192,1.2084,0.0294,0.0293,0.1002,0.00249,0.0293,0.1002,61276,62299,0.4085,95587,0,95587,27942,2801,24444,7
sjeng,bingo__bingo_pht_size_1024,0.52524,1.001,0.0173,0.0179,0.767,0.0446,0.0445,0.0976,0.00348,0.0445,0.0976,61222,62299,0.4081,70818,0,70818,32258,3149,28180,11
sjeng,bingo__bingo_pht_size_2048,0.52529,1.001,0.0184,0.0192,1.1358,0.0343,0.0341,0.1023,0.00381,0.0341,0.1023,61152,62299,0.4077,92004,0,92004,30710,3141,26737,12
sjeng,bingo__bingo_pht_size_8192,0.5253,1.0011,0.019,0.0191,1.0649,0.0364,0.0362,0.1021,0.00372,0.0362,0.1021,61117,62299,0.4074,88632,0,88632,31440,3211,27279,12
sjeng,ipcp,0.52444,0.9994,-0.0044,-0.0023,2.0896,0.01,0.0099,0.0345,0.00489,0.0099,0.0345,62575,62299,0.4172,759267,0,759267,218471,7528,208274,37
sjeng,ipcp_1MB,0.52411,1.0001,-0.0042,0.0004,2.0967,0.01,0.0099,0.0345,0.00462,0.0099,0.0345,62563,62299,0.4171,759128,0,759128,218481,7538,208271,35
sjeng,ipcp_2ch,0.52444,0.9994,-0.0042,-0.0023,2.0896,0.01,0.0099,0.0345,0.00476,0.0099,0.0345,62561,62299,0.4171,759363,0,759363,218471,7532,208269,36
sjeng,ipcp_4MB,0.52483,0.9989,-0.0046,0.0111,2.0359,0.01,0.0099,0.0345,0.00489,0.0099,0.0345,62585,62299,0.4172,759385,0,759385,218530,7532,208327,37
sjeng,ipcp_L1only,0.52434,0.9992,0.0101,-0.0014,1.319,,,0.0368,0.0,,0.0368,61670,62299,0.4111,0,0,0,148152,5452,140287,0
sjeng,ipcp_L2only,0.52475,1.0,0.0015,-0.0001,0.0006,0.1014,0.0952,0.4974,0.06039,0.0952,0.4974,62207,62299,0.4147,4084,0,4084,782,389,368,25
sjeng,spp_dev2,0.52475,1.0,0.0002,0.0009,0.0028,0.0,0.0,,,0.0,,62285,62299,0.4152,4415,0,4415,0,0,0,0
sjeng,spp_dev2_1MB,0.52404,1.0,0.0002,0.0005,0.0037,0.0,0.0,,,0.0,,62285,62299,0.4152,4415,0,4415,0,0,0,0
sjeng,spp_dev2_2ch,0.52475,1.0,0.0002,0.0009,0.0028,0.0,0.0,,,0.0,,62285,62299,0.4152,4417,0,4417,0,0,0,0
sjeng,spp_dev2_4MB,0.52541,1.0,0.0002,0.0008,0.0024,0.0,0.0,,,0.0,,62284,62299,0.4152,4410,0,4410,0,0,0,0
sjeng,spp_dev2__pf20_fill100,0.52475,1.0,0.0028,0.0029,0.051,0.0,0.0,,,0.0,,62123,62299,0.4142,26058,0,26058,0,0,0,0
sjeng,spp_dev2__pf20_fill50,0.52476,1.0,0.0018,0.003,0.0505,0.0064,0.0062,0.0841,0.01653,0.0062,0.0841,62187,62299,0.4146,19042,0,19042,1415,119,1295,2
sjeng,spp_dev2__pf20_fill70,0.52475,1.0,0.0026,0.003,0.0471,0.0,0.0,0.1,0.0,0.0,0.1,62134,62299,0.4142,24234,0,24234,10,1,9,0
sjeng,spp_dev2__pf20_fill90,0.52475,1.0,0.0028,0.0029,0.0512,0.0,0.0,,,0.0,,62124,62299,0.4142,26129,0,26129,0,0,0,0
sjeng,spp_dev2__pf40_fill100,0.52475,1.0,0.0002,0.0009,0.0028,0.0,0.0,,,0.0,,62285,62299,0.4152,4445,0,4445,0,0,0,0
sjeng,spp_dev2__pf40_fill50,0.52475,1.0,0.0002,0.0009,0.0028,0.0434,0.0427,0.0817,0.01639,0.0427,0.0817,62285,62299,0.4152,2808,0,2808,1469,120,1347,2
sjeng,spp_dev2__pf40_fill70,0.52475,1.0,0.0002,0.0009,0.0028,0.0003,0.0003,0.0909,0.0,0.0003,0.0909,62287,62299,0.4152,3932,0,3932,11,1,10,0
sjeng,spp_dev2__pf40_fill90,0.52475,1.0,0.0002,0.0009,0.0028,0.0,0.0,,,0.0,,62285,62299,0.4152,4415,0,4415,0,0,0,0
sjeng,spp_dev2__pf60_fill100,0.52474,1.0,0.0001,0.0001,0.0004,0.0,0.0,,,0.0,,62295,62299,0.4153,593,0,593,0,0,0,0
sjeng,spp_dev2__pf60_fill70,0.52474,1.0,0.0,0.0001,0.0004,0.0028,0.0028,0.1,0.0,0.0028,0.1,62297,62299,0.4153,354,0,354,10,1,9,0
sjeng,spp_dev2__pf60_fill90,0.52474,1.0,0.0001,0.0001,0.0004,0.0,0.0,,,0.0,,62295,62299,0.4153,523,0,523,0,0,0,0
sjeng,spp_dev2__pf80_fill100,0.52474,1.0,0.0,0.0,0.0,0.0,0.0,,,0.0,,62299,62299,0.4153,92,0,92,0,0,0,0
sjeng,spp_dev2__pf80_fill90,0.52474,1.0,0.0,0.0,0.0,0.0,0.0,,,0.0,,62299,62299,0.4153,58,0,58,0,0,0,0
sjeng,spp_dev2__spp_dev2_fill_threshold_100,0.52475,1.0,0.0002,0.0009,0.0028,0.0,0.0,,,0.0,,62285,62299,0.4152,4445,0,4445,0,0,0,0
sjeng,spp_dev2__spp_dev2_fill_threshold_50,0.52475,1.0,0.0002,0.0009,0.0028,0.0434,0.0427,0.0817,0.01639,0.0427,0.0817,62285,62299,0.4152,2808,0,2808,1469,120,1347,2
sjeng,spp_dev2__spp_dev2_fill_threshold_70,0.52475,1.0,0.0002,0.0009,0.0028,0.0003,0.0003,0.0909,0.0,0.0003,0.0909,62287,62299,0.4152,3932,0,3932,11,1,10,0
sjeng,spp_dev2__spp_dev2_pf_threshold_20,0.52475,1.0,0.0028,0.0029,0.0512,0.0,0.0,,,0.0,,62124,62299,0.4142,26129,0,26129,0,0,0,0
sjeng,spp_dev2__spp_dev2_pf_threshold_60,0.52474,1.0,0.0001,0.0001,0.0004,0.0,0.0,,,0.0,,62295,62299,0.4153,523,0,523,0,0,0,0
sjeng,spp_dev2__spp_dev2_pf_threshold_80,0.52474,1.0,0.0,0.0,0.0,0.0,0.0,,,0.0,,62299,62299,0.4153,58,0,58,0,0,0,0
sjeng,streamer,0.52475,1.0,0.012,0.0027,0.0041,0.0237,0.0235,0.2082,0.00693,0.0235,0.2082,61550,62299,0.4103,79122,0,79122,8943,1862,6634,13
sjeng,streamer_1MB,0.52409,1.0001,0.0121,0.0046,0.0088,0.0237,0.0236,0.2084,0.00587,0.0236,0.2084,61548,62299,0.4103,79127,0,79127,8945,1864,6634,11
sjeng,streamer_2ch,0.52475,1.0,0.012,0.0027,0.0041,0.0237,0.0235,0.2082,0.00693,0.0235,0.2082,61550,62299,0.4103,79122,0,79122,8943,1862,6634,13
sjeng,streamer_4MB,0.5254,1.0,0.0121,0.0028,0.002,0.0237,0.0236,0.2084,0.00587,0.0236,0.2084,61548,62299,0.4103,79127,0,79127,8945,1864,6634,11
sjeng,streamer__streamer_pref_degree_1,0.52475,1.0,0.0086,0.0013,0.0025,0.0595,0.0565,0.3449,0.05026,0.0565,0.3449,61766,62299,0.4118,16392,0,16392,2685,926,1650,49
sjeng,streamer__streamer_pref_degree_16,0.52468,0.9999,0.0098,0.002,0.0089,0.0134,0.0133,0.1441,0.00349,0.0133,0.1441,61690,62299,0.4113,214485,195,214290,19830,2858,16007,10
sjeng,streamer__streamer_pref_degree_2,0.52474,1.0,0.0095,0.0017,0.0039,0.0382,0.0377,0.2649,0.01287,0.0377,0.2649,61707,62299,0.4114,32513,0,32513,4632,1227,3189,16
sjeng,streamer__streamer_pref_degree_4,0.52474,1.0,0.0107,0.0024,0.0038,0.0259,0.0257,0.2168,0.00784,0.0257,0.2168,61630,62299,0.4109,63909,0,63909,7586,1645,5557,13
sjeng,stride,0.52475,1.0,0.0031,0.0006,0.0011,0.042,0.04,0.3455,0.04748,0.04,0.3455,62103,62299,0.414,8033,0,8033,929,321,570,16
sjeng,stride_1MB,0.52406,1.0,0.0031,0.001,0.0016,0.042,0.0398,0.3448,0.05045,0.0398,0.3448,62104,62299,0.414,8033,0,8033,928,320,570,17
sjeng,stride_2ch,0.52475,1.0,0.0031,0.0006,0.0011,0.042,0.04,0.3455,0.04748,0.04,0.3455,62103,62299,0.414,8033,0,8033,929,321,570,16
sjeng,stride_4MB,0.52541,1.0,0.0032,0.0004,0.001,0.042,0.0401,0.3462,0.04451,0.0401,0.3462,62102,62299,0.414,8033,0,8033,930,322,570,15
sjeng,stride_L1,0.5247,0.9999,0.0085,0.0004,0.0016,,,0.1988,0.0,,0.1988,61772,62299,0.4118,0,0,0,1690,336,1239,0
sjeng,stride__stride_pref_degree_1,0.52474,1.0,0.0,0.0,0.0,0.0,0.0,,,0.0,,62299,62299,0.4153,4127,0,4127,0,0,0,0
sjeng,stride__stride_pref_degree_16,0.52473,1.0,0.0043,0.0011,0.0054,0.0169,0.0167,0.1357,0.00685,0.0167,0.1357,62028,62299,0.4135,51965,0,51965,6409,870,5196,6
sjeng,stride__stride_pref_degree_4,0.52475,1.0,0.0022,0.0006,0.0023,0.0251,0.0245,0.1737,0.02116,0.0245,0.1737,62161,62299,0.4144,15078,0,15078,2130,370,1655,8
sjeng,stride__stride_pref_degree_8,0.52474,1.0,0.0046,0.001,0.0038,0.0229,0.0226,0.1665,0.01221,0.0226,0.1665,62014,62299,0.4134,28622,0,28622,3885,647,3045,8
soplex,nopref,0.2775,,,,,,,,,,,6388641,,42.5909,0,0,0,0,0,0,0
soplex,bingo,0.36981,1.3326,0.1837,0.6774,1.1876,0.1007,0.098,0.7631,0.02678,0.098,0.7631,5215162,6388641,34.7677,16823781,0,16823781,2160752,1648946,511638,45379
soplex,bingo_1MB,0.32951,1.3103,0.1835,0.6595,1.2746,0.1006,0.0978,0.7631,0.02749,0.0978,0.7631,5216557,6388613,34.777,16846706,0,16846706,2159078,1647542,511365,46570
soplex,bingo_2ch,0.41963,1.4245,0.1844,0.681,1.1903,0.1007,0.0984,0.7642,0.02222,0.0984,0.7642,5210749,6388631,34.7383,16805488,0,16805488,2164628,1654116,510331,37594
soplex,bingo_4MB,0.41263,1.2134,0.1842,0.6196,1.5344,0.1009,0.0985,0.7637,0.02343,0.0985,0.7637,5211853,6388696,34.7457,16786481,0,16786481,2165943,1654065,511704,39683
soplex,bingo__bingo_l2c_thresh_0p5,0.37841,1.3636,0.3347,0.6996,1.0767,0.1868,0.1803,0.6049,0.03456,0.1803,0.6049,4250602,6388641,28.3373,17139243,0,17139243,5109746,3090919,2017471,110641
soplex,bingo__bingo_l2c_thresh_0p65,0.37373,1.3468,0.2442,0.6873,1.1478,0.1357,0.1312,0.7017,0.03318,0.1312,0.7017,4828407,6388641,32.1894,16888675,0,16888675,3158445,2216242,941725,76058
soplex,bingo__bingo_l2c_thresh_0p95,0.36549,1.3171,0.1191,0.6672,1.2233,0.0639,0.063,0.8013,0.01412,0.063,0.8013,5627842,6388641,37.5189,16793588,0,16793588,1320023,1057706,262201,15151
soplex,bingo__bingo_pht_size_1024,0.36309,1.3084,0.1767,0.639,1.0914,0.1098,0.1069,0.7353,0.02686,0.1069,0.7353,5259622,6388641,35.0641,15073382,0,15073382,2190877,1610886,579771,44471
soplex,bingo__bingo_pht_size_2048,0.36839,1.3275,0.181,0.659,1.1374,0.1034,0.1007,0.7573,0.02691,0.1007,0.7573,5232477,6388641,34.8832,16202260,0,16202260,2153623,1630911,522546,45097
soplex,bingo__bingo_pht_size_8192,0.38848,1.3999,0.2102,0.7248,1.2092,0.1083,0.1055,0.7851,0.02559,0.1055,0.7851,5046023,6388641,33.6402,17658678,0,17658678,2373985,1863713,510125,48939
soplex,ipcp,0.40767,1.4691,0.5373,0.7128,0.4673,0.0353,0.0339,0.1159,0.03855,0.0339,0.1159,2955955,6388641,19.7064,30757766,418933,30338833,8879986,1029528,7847341,41285
soplex,ipcp_1MB,0.36967,1.47,0.5385,0.7135,0.511,0.0358,0.0342,0.115,0.04536,0.0342,0.115,2948349,6388613,19.6557,30527132,411660,30115472,8946372,1029097,7914128,48893
soplex,ipcp_2ch,0.46084,1.5644,0.5345,0.7045,0.4623,0.0356,0.0345,0.1191,0.03326,0.0345,0.1191,2973839,6388631,19.8256,30905377,469809,30435568,8807769,1048861,7755823,36081
soplex,ipcp_4MB,0.48504,1.4264,0.5359,0.6638,0.5877,0.0346,0.0336,0.1169,0.02954,0.0336,0.1169,2965303,6388696,19.7687,31009417,434052,30575365,8788950,1027526,7758329,31272
soplex,ipcp_L1only,0.38296,1.38,0.4771,0.6053,0.335,,,0.0592,0.0,,0.0592,3340462,6388641,22.2697,0,0,0,6781053,401187,6377137,0
soplex,ipcp_L2only,0.27751,1.0,0.0,0.0003,0.0001,0.2684,0.243,0.3359,0.09468,0.243,0.3359,6388528,6388641,42.5902,4761,0,4761,3444,1157,2286,121
soplex,spp_dev2,0.32744,1.18,0.1021,0.2503,0.357,0.0817,0.0722,0.9563,0.11587,0.0722,0.9563,5736660,6388641,38.2444,13290045,13,13290032,1003353,959555,43790,125757
soplex,spp_dev2_1MB,0.31114,1.2372,0.1019,0.3041,0.2689,0.0815,0.072,0.9565,0.11663,0.072,0.9565,5737550,6388613,38.2503,13313991,12,13313979,1001617,958052,43556,126494
soplex,spp_dev2_2ch,0.35943,1.2201,0.1025,0.2518,0.3559,0.0817,0.0725,0.9564,0.11196,0.0725,0.9564,5734028,6388631,38.2269,13268930,11,13268919,1006027,962135,43881,121297
soplex,spp_dev2_4MB,0.36588,1.076,0.1029,0.1561,0.495,0.0815,0.0726,0.9571,0.10909,0.0726,0.9571,5731393,6388696,38.2093,13272543,29,13272514,1007239,964032,43200,118046
soplex,spp_dev2__pf20_fill100,0.3145,1.1333,0.0005,0.216,0.3428,0.0,0.0,,,0.0,,6385402,6388641,42.5693,5664460,0,5664460,0,0,0,0
soplex,spp_dev2__pf20_fill50,0.34794,1.2538,0.2564,0.4079,0.4177,0.1915,0.1701,0.8274,0.11166,0.1701,0.8274,4750496,6388641,31.67,14110830,39,14110791,2901364,2400706,500334,301756
soplex,spp_dev2__pf20_fill70,0.34804,1.2542,0.2131,0.3912,0.4553,0.1133,0.1026,0.8926,0.09412,0.1026,0.8926,5027470,6388641,33.5165,19320536,1315,19319221,2221477,1982941,238475,206029
soplex,spp_dev2__pf20_fill90,0.34483,1.2426,0.1035,0.3833,0.5007,0.0446,0.0397,0.956,0.11008,0.0397,0.956,5727724,6388641,38.1848,24113214,41770,24071444,1000371,956381,43981,118298
soplex,spp_dev2__pf40_fill100,0.30559,1.1012,0.0001,0.1365,0.2672,0.0,0.0,,,0.0,,6388227,6388641,42.5882,3971490,0,3971490,0,0,0,0
soplex,spp_dev2__pf40_fill50,0.3347,1.2061,0.2482,0.3295,0.2331,0.4474,0.3903,0.8241,0.12755,0.3903,0.8241,4802895,6388641,32.0193,6034769,0,6034769,2858308,2355629,502327,344374
soplex,spp_dev2__pf40_fill70,0.33121,1.1935,0.2079,0.2846,0.31,0.2208,0.1963,0.8916,0.11126,0.1963,0.8916,5060258,6388641,33.7351,9998264,0,9998264,2200909,1962297,238520,245658
soplex,spp_dev2__pf40_fill90,0.32744,1.18,0.1021,0.2503,0.357,0.0817,0.0722,0.9563,0.11587,0.0722,0.9563,5736660,6388641,38.2444,13290045,13,13290032,1003353,959555,43790,125757
soplex,spp_dev2__pf60_fill100,0.30021,1.0818,0.0,0.0954,0.2106,0.0,0.0,,,0.0,,6388580,6388641,42.5905,3188111,0,3188111,0,0,0,0
soplex,spp_dev2__pf60_fill70,0.32198,1.1603,0.2005,0.2392,0.1746,0.46,0.4019,0.8897,0.12627,0.4019,0.8897,5107786,6388641,34.0519,4776249,0,4776249,2157628,1919705,237835,277433
soplex,spp_dev2__pf60_fill90,0.31532,1.1363,0.0996,0.1739,0.2449,0.1531,0.1327,0.9561,0.13327,0.1327,0.9561,5752583,6388641,38.3506,7142124,0,7142124,991619,948046,43569,145768
soplex,spp_dev2__pf80_fill100,0.29179,1.0515,-0.0,0.0425,0.1478,0.0,0.0,,,0.0,,6388690,6388641,42.5913,2226706,0,2226706,0,0,0,0
soplex,spp_dev2__pf80_fill90,0.30158,1.0868,0.0908,0.1123,0.1218,0.3842,0.313,0.9539,0.18546,0.313,0.9539,5808448,6388641,38.723,2861705,0,2861705,938974,895651,43313,203928
soplex,spp_dev2__spp_dev2_fill_threshold_100,0.30559,1.1012,0.0001,0.1365,0.2672,0.0,0.0,,,0.0,,6388227,6388641,42.5882,3971490,0,3971490,0,0,0,0
soplex,spp_dev2__spp_dev2_fill_threshold_50,0.3347,1.2061,0.2482,0.3295,0.2331,0.4474,0.3903,0.8241,0.12755,0.3903,0.8241,4802895,6388641,32.0193,6034769,0,6034769,2858308,2355629,502327,344374
soplex,spp_dev2__spp_dev2_fill_threshold_70,0.33121,1.1935,0.2079,0.2846,0.31,0.2208,0.1963,0.8916,0.11126,0.1963,0.8916,5060258,6388641,33.7351,9998264,0,9998264,2200909,1962297,238520,245658
soplex,spp_dev2__spp_dev2_pf_threshold_20,0.34483,1.2426,0.1035,0.3833,0.5007,0.0446,0.0397,0.956,0.11008,0.0397,0.956,5727724,6388641,38.1848,24113214,41770,24071444,1000371,956381,43981,118298
soplex,spp_dev2__spp_dev2_pf_threshold_60,0.31532,1.1363,0.0996,0.1739,0.2449,0.1531,0.1327,0.9561,0.13327,0.1327,0.9561,5752583,6388641,38.3506,7142124,0,7142124,991619,948046,43569,145768
soplex,spp_dev2__spp_dev2_pf_threshold_80,0.30158,1.0868,0.0908,0.1123,0.1218,0.3842,0.313,0.9539,0.18546,0.313,0.9539,5808448,6388641,38.723,2861705,0,2861705,938974,895651,43313,203928
soplex,streamer,0.38985,1.4049,0.4493,0.6278,0.3935,0.1746,0.1645,0.5937,0.05777,0.1645,0.5937,3518014,6388641,23.4534,25780382,43915,25736467,7131628,4234117,2895730,259610
soplex,streamer_1MB,0.35756,1.4218,0.4442,0.6268,0.3884,0.1747,0.1633,0.5919,0.06538,0.1633,0.5919,3550501,6388613,23.67,25771589,44071,25727518,7098251,4201342,2895158,293921
soplex,streamer_2ch,0.43902,1.4903,0.4516,0.6269,0.3927,0.1745,0.1652,0.5947,0.05325,0.1652,0.5947,3503497,6388631,23.3566,25769212,45398,25723814,7144750,4248631,2894354,238958
soplex,streamer_4MB,0.46934,1.3802,0.4559,0.6264,0.4949,0.1741,0.1659,0.5961,0.04697,0.1659,0.5961,3476270,6388696,23.1751,25821268,43451,25777817,7174272,4276639,2895877,210774
soplex,streamer__streamer_pref_degree_1,0.34289,1.2356,0.2468,0.4076,0.155,0.5658,0.4613,0.6973,0.18482,0.4613,0.6973,4811926,6388641,32.0795,5370291,0,5370291,3552423,2477107,1074649,561635
soplex,streamer__streamer_pref_degree_16,0.40672,1.4657,0.5165,0.6946,0.6173,0.0774,0.0754,0.5055,0.02616,0.0754,0.5055,3089224,6388641,20.5948,73608637,8823725,64784912,9665144,4885857,4776816,131244
soplex,streamer__streamer_pref_degree_2,0.36627,1.3199,0.3437,0.528,0.2416,0.3534,0.3102,0.6586,0.12228,0.3102,0.6586,4193086,6388641,27.9539,10628128,259,10627869,5006207,3297079,1708028,459332
soplex,streamer__streamer_pref_degree_4,0.38537,1.3887,0.4285,0.6076,0.3532,0.2086,0.194,0.6123,0.0702,0.194,0.6123,3650805,6388641,24.3387,20825250,15271,20809979,6593314,4036933,2554792,304790
soplex,stride,0.32655,1.1768,0.1798,0.2783,0.0552,0.3759,0.3033,0.8453,0.19309,0.3033,0.8453,5239756,6388641,34.9317,5859171,0,5859171,2102489,1777145,325141,425271
soplex,stride_1MB,0.29892,1.1886,0.1707,0.2891,0.0527,0.3764,0.2929,0.8407,0.2218,0.2929,0.8407,5298304,6388613,35.322,5864438,0,5864438,2043393,1717942,325241,489645
soplex,stride_2ch,0.35206,1.1951,0.1811,0.2734,0.0548,0.3739,0.3054,0.8468,0.18317,0.3054,0.8468,5231774,6388631,34.8785,5844898,0,5844898,2108173,1785165,322802,400314
soplex,stride_4MB,0.3991,1.1737,0.1907,0.302,0.0643,0.3735,0.315,0.8503,0.1567,0.315,0.8503,5170470,6388696,34.4698,5871029,0,5871029,2174914,1849291,325418,343640
soplex,stride_L1,0.33064,1.1915,0.2666,0.3057,0.0604,,,0.0115,0.0,,0.0115,4685114,6388641,31.2341,0,0,0,2736182,31365,2704208,0
soplex,stride__stride_pref_degree_1,0.2775,1.0,0.0,-0.0,0.0,0.0,0.0,,,0.0,,6388641,6388641,42.5909,2956676,0,2956676,0,0,0,0
soplex,stride__stride_pref_degree_16,0.37608,1.3552,0.3696,0.4788,0.3392,0.0885,0.086,0.6545,0.0284,0.086,0.6545,4027101,6388641,26.8473,41194433,2243093,38951340,5114996,3348013,1765499,97879
soplex,stride__stride_pref_degree_4,0.34714,1.251,0.272,0.3529,0.1177,0.2345,0.2162,0.7983,0.07805,0.2162,0.7983,4650897,6388641,31.006,11495612,0,11495612,3113689,2485696,627482,210445
soplex,stride__stride_pref_degree_8,0.36455,1.3137,0.3344,0.4294,0.2178,0.1429,0.1366,0.7238,0.04408,0.1366,0.7238,4252018,6388641,28.3468,22194772,51039,22143733,4177391,3023794,1152639,139445
xalancbmk,nopref,0.58077,,,,,,,,,,,472847,,3.1523,0,0,0,0,0,0,0
xalancbmk,bingo,0.57945,0.9977,0.0859,0.0224,4.2351,0.0415,0.0405,0.5701,0.0238,0.0405,0.5701,432218,472847,2.8815,1661931,0,1661931,118073,67317,50570,1641
xalancbmk,bingo_1MB,0.57221,1.0081,0.0858,0.1699,2.7907,0.0415,0.0404,0.569,0.02682,0.0404,0.569,432297,472845,2.882,1665143,0,1665143,118124,67210,50728,1852
xalancbmk,bingo_2ch,0.58007,0.9986,0.0859,0.0276,4.234,0.0415,0.0405,0.5667,0.02311,0.0405,0.5667,432212,472848,2.8814,1661815,0,1661815,118891,67372,51333,1594
xalancbmk,bingo_4MB,0.58825,0.9967,0.0864,-0.084,6.2789,0.0415,0.0407,0.5708,0.01858,0.0407,0.5708,432019,472851,2.8801,1661895,0,1661895,118454,67611,50656,1280
xalancbmk,bingo__bingo_l2c_thresh_0p5,0.5805,0.9995,0.1508,0.0727,4.1764,0.0664,0.0644,0.556,0.03009,0.0644,0.556,401551,472847,2.677,1661491,0,1661491,192395,106980,85020,3319
xalancbmk,bingo__bingo_l2c_thresh_0p65,0.57984,0.9984,0.1109,0.0391,4.2214,0.0509,0.0495,0.5631,0.02718,0.0495,0.5631,420394,472847,2.8026,1662148,0,1662148,146270,82359,63635,2301
xalancbmk,bingo__bingo_l2c_thresh_0p95,0.57918,0.9973,0.077,0.01,4.2464,0.0351,0.0345,0.5758,0.01772,0.0345,0.5758,436461,472847,2.9097,1661700,0,1661700,99629,57368,42092,1035
xalancbmk,bingo__bingo_pht_size_1024,0.58025,0.9991,0.0886,0.034,2.5505,0.0485,0.0475,0.6436,0.02057,0.0475,0.6436,430932,472847,2.8729,1435265,0,1435265,105919,68174,37565,1432
xalancbmk,bingo__bingo_pht_size_2048,0.57974,0.9982,0.0829,0.0205,3.2649,0.0426,0.0417,0.6252,0.02144,0.0417,0.6252,433626,472847,2.8908,1557121,0,1557121,103791,64894,38782,1422
xalancbmk,bingo__bingo_pht_size_8192,0.57852,0.9961,0.0911,0.0154,5.807,0.0393,0.0383,0.605,0.02499,0.0383,0.605,429767,472847,2.8651,1795227,0,1795227,113626,68749,44713,1762
xalancbmk,ipcp,0.58031,0.9992,0.1748,-0.0662,8.706,0.0068,0.0066,0.0448,0.03217,0.0066,0.0448,390199,472847,2.6013,7483382,0,7483382,1100002,49256,1048364,1637
xalancbmk,ipcp_1MB,0.57254,1.0087,0.1738,0.0391,6.2307,0.0068,0.0065,0.0443,0.04168,0.0065,0.0443,390680,472845,2.6045,7500024,0,7500024,1106616,49018,1055213,2132
xalancbmk,ipcp_2ch,0.58108,1.0003,0.1744,-0.0629,8.7144,0.0068,0.0066,0.0448,0.02996,0.0066,0.0448,390364,472848,2.6024,7479806,0,7479806,1100353,49309,1048662,1523
xalancbmk,ipcp_4MB,0.5873,0.9951,0.1741,-0.1906,12.6369,0.0068,0.0066,0.045,0.02695,0.0066,0.045,390533,472851,2.6036,7475116,0,7475116,1097444,49354,1045709,1367
xalancbmk,ipcp_L1only,0.58092,1.0003,0.1751,-0.0666,6.7809,,,0.0376,0.0,,0.0376,390069,472847,2.6005,0,0,0,874209,32861,839139,0
xalancbmk,ipcp_L2only,0.58078,1.0,0.003,0.0106,0.0618,0.0412,0.0365,0.3223,0.11364,0.0365,0.3223,471432,472847,3.1429,127994,0,127994,14496,4672,9768,599
xalancbmk,spp_dev2,0.58173,1.0017,0.0233,0.0303,0.8592,0.01,0.0095,0.7204,0.05201,0.0095,0.7204,461850,472847,3.079,1669108,1,1669107,22014,15858,6000,870
xalancbmk,spp_dev2_1MB,0.57158,1.007,0.022,0.1079,0.6092,0.0098,0.0092,0.7213,0.06751,0.0092,0.7213,462445,472845,3.083,1661251,0,1661251,21084,15207,5762,1101
xalancbmk,spp_dev2_2ch,0.58207,1.002,0.0229,0.0344,0.8498,0.0099,0.0094,0.7238,0.05269,0.0094,0.7238,462022,472848,3.0801,1665940,0,1665940,21611,15641,5863,870
xalancbmk,spp_dev2_4MB,0.5903,1.0001,0.0241,0.0087,1.1117,0.0099,0.0097,0.728,0.02268,0.0097,0.728,461448,472851,3.0763,1675457,0,1675457,22318,16248,5945,377
xalancbmk,spp_dev2__pf20_fill100,0.57953,0.9979,0.001,-0.0203,1.7126,0.0,0.0,,,0.0,,472380,472847,3.1492,3135804,0,3135804,0,0,0,0
xalancbmk,spp_dev2__pf20_fill50,0.58123,1.0008,0.0628,0.0267,1.7903,0.023,0.0212,0.4721,0.07519,0.0212,0.4721,443132,472847,2.9542,2525237,0,2525237,113606,53637,59349,4361
xalancbmk,spp_dev2__pf20_fill70,0.58093,1.0003,0.0507,0.0206,1.8844,0.0133,0.0124,0.5927,0.06916,0.0124,0.5927,448883,472847,2.9926,3030556,144,3030412,63380,37565,25466,2791
xalancbmk,spp_dev2__pf20_fill90,0.57957,0.9979,0.0232,-0.0207,2.3045,0.0044,0.0042,0.7296,0.02771,0.0042,0.7296,461856,472847,3.079,3660321,562,3659759,21307,15545,5611,443
xalancbmk,spp_dev2__pf40_fill100,0.58177,1.0017,0.0005,0.0404,0.6663,0.0,0.0,,,0.0,,472602,472847,3.1507,2138680,0,2138680,0,0,0,0
xalancbmk,spp_dev2__pf40_fill50,0.5832,1.0042,0.0622,0.1163,0.7216,0.0499,0.0457,0.4668,0.08524,0.0457,0.4668,443433,472847,2.9562,1166941,0,1166941,114127,53280,60359,4965
xalancbmk,spp_dev2__pf40_fill70,0.58257,1.0031,0.0502,0.0747,0.75,0.0278,0.0257,0.5908,0.07521,0.0257,0.5908,449100,472847,2.994,1467336,0,1467336,63790,37687,25767,3065
xalancbmk,spp_dev2__pf40_fill90,0.58173,1.0017,0.0233,0.0303,0.8592,0.01,0.0095,0.7204,0.05201,0.0095,0.7204,461850,472847,3.079,1669108,1,1669107,22014,15858,6000,870
xalancbmk,spp_dev2__pf60_fill100,0.58145,1.0012,0.0004,0.0368,0.3747,0.0,0.0,,,0.0,,472680,472847,3.1512,1622242,0,1622242,0,0,0,0
xalancbmk,spp_dev2__pf60_fill70,0.58252,1.003,0.0498,0.092,0.3963,0.0509,0.0465,0.5918,0.08575,0.0465,0.5918,449295,472847,2.9953,805819,0,805819,63361,37497,25572,3517
xalancbmk,spp_dev2__pf60_fill90,0.58184,1.0018,0.0228,0.0443,0.4329,0.0183,0.0176,0.7233,0.0416,0.0176,0.7233,462087,472847,3.0806,896045,0,896045,21787,15758,5926,684
xalancbmk,spp_dev2__pf80_fill100,0.58159,1.0014,0.0002,0.0311,0.1694,0.0,0.0,,,0.0,,472771,472847,3.1518,1011576,0,1011576,0,0,0,0
xalancbmk,spp_dev2__pf80_fill90,0.58217,1.0024,0.0243,0.0445,0.1775,0.0518,0.0488,0.7219,0.0577,0.0488,0.7219,461368,472847,3.0758,335217,0,335217,22645,16347,6201,1001
xalancbmk,spp_dev2__spp_dev2_fill_threshold_100,0.58177,1.0017,0.0005,0.0404,0.6663,0.0,0.0,,,0.0,,472602,472847,3.1507,2138680,0,2138680,0,0,0,0
xalancbmk,spp_dev2__spp_dev2_fill_threshold_50,0.5832,1.0042,0.0622,0.1163,0.7216,0.0499,0.0457,0.4668,0.08524,0.0457,0.4668,443433,472847,2.9562,1166941,0,1166941,114127,53280,60359,4965
xalancbmk,spp_dev2__spp_dev2_fill_threshold_70,0.58257,1.0031,0.0502,0.0747,0.75,0.0278,0.0257,0.5908,0.07521,0.0257,0.5908,449100,472847,2.994,1467336,0,1467336,63790,37687,25767,3065
xalancbmk,spp_dev2__spp_dev2_pf_threshold_20,0.57957,0.9979,0.0232,-0.0207,2.3045,0.0044,0.0042,0.7296,0.02771,0.0042,0.7296,461856,472847,3.079,3660321,562,3659759,21307,15545,5611,443
xalancbmk,spp_dev2__spp_dev2_pf_threshold_60,0.58184,1.0018,0.0228,0.0443,0.4329,0.0183,0.0176,0.7233,0.0416,0.0176,0.7233,462087,472847,3.0806,896045,0,896045,21787,15758,5926,684
xalancbmk,spp_dev2__spp_dev2_pf_threshold_80,0.58217,1.0024,0.0243,0.0445,0.1775,0.0518,0.0488,0.7219,0.0577,0.0488,0.7219,461368,472847,3.0758,335217,0,335217,22645,16347,6201,1001
xalancbmk,streamer,0.58377,1.0052,0.0624,0.0756,0.9987,0.012,0.012,0.3619,0.00389,0.012,0.3619,443354,472847,2.9557,4796308,0,4796308,158427,57342,100640,224
xalancbmk,streamer_1MB,0.57368,1.0107,0.0624,0.137,0.6826,0.012,0.012,0.3619,0.00436,0.012,0.3619,443360,472845,2.9557,4796378,0,4796378,158412,57331,100636,251
xalancbmk,streamer_2ch,0.58421,1.0057,0.0624,0.0761,0.9975,0.012,0.012,0.3621,0.00377,0.012,0.3621,443346,472848,2.9556,4794886,0,4794886,158385,57351,100589,217
xalancbmk,streamer_4MB,0.59142,1.002,0.0625,0.0078,1.4368,0.012,0.012,0.362,0.00316,0.012,0.362,443321,472851,2.9555,4797033,0,4797033,158475,57375,100655,182
xalancbmk,streamer__streamer_pref_degree_1,0.58349,1.0047,0.0567,0.0767,0.2,0.0425,0.0415,0.6845,0.02274,0.0415,0.6845,446056,472847,2.9737,995703,0,995703,60399,41342,18971,962
xalancbmk,streamer__streamer_pref_degree_16,0.58019,0.999,0.0424,-0.0119,3.0248,0.0046,0.0046,0.1683,0.00357,0.0046,0.1683,452814,472847,3.0188,13555601,14852,13540749,366176,61616,303452,221
xalancbmk,streamer__streamer_pref_degree_2,0.5839,1.0054,0.0621,0.0905,0.3971,0.0259,0.0249,0.5556,0.03917,0.0249,0.5556,443502,472847,2.9567,1978096,0,1978096,88604,49227,39195,2007
xalancbmk,streamer__streamer_pref_degree_4,0.58404,1.0056,0.0639,0.0795,0.803,0.0144,0.0144,0.4089,0.00471,0.0144,0.4089,442616,472847,2.9508,3879784,0,3879784,136401,55778,80263,264
xalancbmk,stride,0.58235,1.0027,0.0297,0.0384,0.0299,0.0156,0.0155,0.9029,0.00207,0.0155,0.9029,458799,472847,3.0587,1363485,0,1363485,23444,21167,2243,44
xalancbmk,stride_1MB,0.5706,1.0053,0.0297,0.0603,0.0193,0.0156,0.0155,0.9029,0.00245,0.0155,0.9029,458804,472845,3.0587,1363461,0,1363461,23438,21161,2243,52
xalancbmk,stride_2ch,0.58247,1.0027,0.0297,0.0384,0.0298,0.0156,0.0155,0.9031,0.00193,0.0155,0.9031,458797,472848,3.0586,1363040,0,1363040,23441,21170,2237,41
xalancbmk,stride_4MB,0.59099,1.0013,0.0297,0.0156,0.0353,0.0156,0.0155,0.9028,0.00165,0.0155,0.9028,458794,472851,3.0586,1363807,0,1363807,23457,21177,2246,35
xalancbmk,stride_L1,0.58418,1.0059,0.0484,0.0525,0.1444,,,0.2006,0.0,,0.2006,449983,472847,2.9999,0,0,0,39926,8011,31843,0
xalancbmk,stride__stride_pref_degree_1,0.58077,1.0,0.0,0.0,0.0,0.0,0.0,,,0.0,,472847,472847,3.1523,689823,0,689823,0,0,0,0
xalancbmk,stride__stride_pref_degree_16,0.58216,1.0024,0.0415,0.0284,0.8402,0.0036,0.0036,0.3273,0.00085,0.0036,0.3273,453224,472847,3.0215,9250476,0,9250476,101028,33071,67352,28
xalancbmk,stride__stride_pref_degree_4,0.58256,1.0031,0.039,0.0484,0.1357,0.0106,0.0105,0.7328,0.00082,0.0105,0.7328,454409,472847,3.0294,2664233,0,2664233,38343,28099,10115,23
xalancbmk,stride__stride_pref_degree_8,0.58258,1.0031,0.0437,0.0475,0.3694,0.0064,0.0064,0.5215,0.00043,0.0064,0.5215,452178,472847,3.0145,5030468,0,5030468,61974,32319,29351,14
